<?xml version="1.0" encoding="utf-8"?>
<options>
  <option option_id="similarThreadsEnhancedSearch" edit_format="onoff" data_type="boolean">
    <default_value>0</default_value>
    <relation group_id="similarThreads" display_order="12"/>
  </option>
  <option option_id="similarThreadsExcludeDays" edit_format="spinbox" data_type="numeric">
    <default_value>0</default_value>
    <relation group_id="similarThreads" display_order="6"/>
  </option>
  <option option_id="similarThreadsExcludeForums" edit_format="callback" data_type="array">
    <default_value>[]</default_value>
    <edit_format_params>\XF\Option\Forum::renderSelectMultiple</edit_format_params>
    <sub_options>*</sub_options>
    <relation group_id="similarThreads" display_order="7"/>
  </option>
  <option option_id="similarThreadsMaximumResults" edit_format="spinbox" data_type="numeric">
    <default_value>5</default_value>
    <edit_format_params>min=1</edit_format_params>
    <relation group_id="similarThreads" display_order="5"/>
  </option>
  <option option_id="similarThreadsMinimumCommonWordLength" edit_format="spinbox" data_type="numeric">
    <default_value>3</default_value>
    <edit_format_params>min=3</edit_format_params>
    <relation group_id="similarThreads" display_order="8"/>
  </option>
  <option option_id="similarThreadsMultibyte" edit_format="onoff" data_type="boolean">
    <default_value></default_value>
    <relation group_id="similarThreads" display_order="11"/>
  </option>
  <option option_id="similarThreadsSameForum" edit_format="onoff" data_type="boolean">
    <default_value></default_value>
    <relation group_id="similarThreads" display_order="4"/>
  </option>
  <option option_id="similarThreadsShowBelowQuickReply" edit_format="onoff" data_type="boolean">
    <default_value>1</default_value>
    <relation group_id="similarThreads" display_order="3"/>
  </option>
  <option option_id="similarThreadsShowPostThread" edit_format="onoff" data_type="boolean">
    <default_value>1</default_value>
    <relation group_id="similarThreads" display_order="1"/>
  </option>
  <option option_id="similarThreadsShowPostThreadQuickThread" edit_format="onoff" data_type="boolean">
    <default_value>1</default_value>
    <relation group_id="similarThreads" display_order="2"/>
  </option>
  <option option_id="similarThreadsStopCharacters" edit_format="textbox" data_type="string">
    <default_value>? ! . , : ; " - / ( ) [ ]</default_value>
    <relation group_id="similarThreads" display_order="10"/>
  </option>
  <option option_id="similarThreadsStopWords" edit_format="textbox" data_type="string">
    <default_value>about after all also and any are back because but can come could day even first for from get give  good had have her him his how into it's its just know like look make most new not now one only other our out over people say see seen she some take than that the their them then there these they think this time two use want way well what when which who why will with work would year you your</default_value>
    <edit_format_params>rows=6</edit_format_params>
    <relation group_id="similarThreads" display_order="9"/>
  </option>
</options>
