{
    "src/addons/Andy/DeletePosts/addon.json": "e5c635a18111f83076b44a90e194fc2a7cb70c302569a25691fa1e339668ef8c",
    "src/addons/Andy/DeletePosts/icon.jpg": "dc7f5808ad4cb4fc7093139fc05c7169aecda9ad1408c701831cc1aef270dfd2",
    "src/addons/Andy/DeletePosts/Pub/Controller/DeletePosts.php": "f4e5cdc53c80b70869d4296e78cef06c26941ca8f3c115072e58326569bc2f7b",
    "src/addons/Andy/DeletePosts/_data/admin_navigation.xml": "064ec797484ac00d5ee37367b50b06846d11f480d00550997712707f8fdac8c0",
    "src/addons/Andy/DeletePosts/_data/admin_permission.xml": "ec6fb97cebf0bceb24f1ed1d5778c1db54eeb7535fbb3e31d824840e7aa9ff87",
    "src/addons/Andy/DeletePosts/_data/advertising_positions.xml": "d2f7cbe844bb1df3cf878d22ff6306249245c8ff6b0b87b9b729744bec538261",
    "src/addons/Andy/DeletePosts/_data/bb_codes.xml": "faa4ddd5f4a365e5ac39aebdcbe2d25aedf74e7eb9ea4a812766e2fd5e13bdb1",
    "src/addons/Andy/DeletePosts/_data/bb_code_media_sites.xml": "29762987990187b33e43cfb68c08dc917b2d3f0176613d78f8e6c453f82da3f3",
    "src/addons/Andy/DeletePosts/_data/class_extensions.xml": "1f548b8006e9952a3f5889f71e09fdfa6726ac1a47c1af7b2626d1a88920d5a4",
    "src/addons/Andy/DeletePosts/_data/code_events.xml": "8370dec3df47f91df4cf79da253446ad11b29f4ea568fe76c774e97a0379f0eb",
    "src/addons/Andy/DeletePosts/_data/code_event_listeners.xml": "d6b5072f4909dee7a20ee9e44b163f95c8aa52e6ac7f573e292000cd9238c331",
    "src/addons/Andy/DeletePosts/_data/content_type_fields.xml": "c7ad5472b28f465b7ac7617627707eba1b7a39d28089460d52e1ed292fc0b06a",
    "src/addons/Andy/DeletePosts/_data/cron.xml": "323c4284742ef24329cd6db6f288eb9736d2353f36852e1db12591e1583aea26",
    "src/addons/Andy/DeletePosts/_data/help_pages.xml": "a8a0c0b06cdc550438bc8a8d385af3e1e5ab3459877dfb934c1c31be59c89163",
    "src/addons/Andy/DeletePosts/_data/member_stats.xml": "89fb2b93ff1eca7a1f6f752248edf6090dfd24037db1446fd18ff7143f08124d",
    "src/addons/Andy/DeletePosts/_data/navigation.xml": "f75e1c03a45a360bbdfcd0567121665082315068475d5b0feb8b1acbb1688651",
    "src/addons/Andy/DeletePosts/_data/options.xml": "2fbd9d4d2f337dd24cb875b3c0b3cb9d1c664db91812e6a13f0128c0c948f5a4",
    "src/addons/Andy/DeletePosts/_data/option_groups.xml": "97ccace7f0a834753d2a6e308c6f6f1a5e4d9fd9d3a8e043a06edb1cd3a1b0f5",
    "src/addons/Andy/DeletePosts/_data/permissions.xml": "7e4fc7d5826733d15ea2d8936b9bdd41afcaad810eb38e50da3c8d8eafda1550",
    "src/addons/Andy/DeletePosts/_data/permission_interface_groups.xml": "3177224e96458b829aa7fb24866dda9e0455a4922aee3d669b53f59a1ffdf5d1",
    "src/addons/Andy/DeletePosts/_data/phrases.xml": "11684d875220e0d380b204f7fd78bf510ca47785d5d9912138f787a58c9b86cf",
    "src/addons/Andy/DeletePosts/_data/routes.xml": "9bfbee35c2076ca5980047042dfcf90fe96bba5b086a53786992223c64f382e0",
    "src/addons/Andy/DeletePosts/_data/style_properties.xml": "8b8690a8512f01f219dd2da76e3d0c5f62afc1f317b87794a7331c859c36a7a8",
    "src/addons/Andy/DeletePosts/_data/style_property_groups.xml": "68e1879cb3846c42d978487aa8d5145ff3335fc39e58016878824d5cf3fd684c",
    "src/addons/Andy/DeletePosts/_data/templates.xml": "bdad7e7cb3f2e3398f22103a6a6b0dbc6484b23ffa43736acc11d7add45a5a0e",
    "src/addons/Andy/DeletePosts/_data/template_modifications.xml": "3b54b7df00a6a4a18c5e012b6e2588e35c23aaa13a5fc227f08646a97590d778",
    "src/addons/Andy/DeletePosts/_data/widget_definitions.xml": "37e46965256430f24004c2e7f08ba08f9b0d1cbcc4d70e84b3f4e3ffb713e64b",
    "src/addons/Andy/DeletePosts/_data/widget_positions.xml": "a29cee66134f6bc5d75ed9df1eef21096c24401915c5b5c774389c3d7bb2d5b3"
}