<?xml version="1.0" encoding="utf-8"?>
<phrases>
  <phrase title="cron_entry.EmailLog" version_id="10" version_string="1.0"><![CDATA[Email log]]></phrase>
  <phrase title="emaillog_date" version_id="10" version_string="1.0"><![CDATA[Date]]></phrase>
  <phrase title="emaillog_email" version_id="10" version_string="1.0"><![CDATA[Email to]]></phrase>
  <phrase title="emaillog_email_log" version_id="10" version_string="1.0"><![CDATA[Email log]]></phrase>
  <phrase title="emaillog_limit" version_id="10" version_string="1.0"><![CDATA[Limit]]></phrase>
  <phrase title="emaillog_subject" version_id="10" version_string="1.0"><![CDATA[Subject]]></phrase>
  <phrase title="emaillog_username" version_id="10" version_string="1.0"><![CDATA[Username]]></phrase>
  <phrase title="option.emailLogLimit" version_id="10" version_string="1.0"><![CDATA[Limit]]></phrase>
  <phrase title="option_explain.emailLogLimit" version_id="10" version_string="1.0"><![CDATA[Limit the number of results to display.]]></phrase>
  <phrase title="option_group.emailLog" version_id="10" version_string="1.0"><![CDATA[Email log]]></phrase>
  <phrase title="option_group_description.emailLog" version_id="10" version_string="1.0"><![CDATA[Options here control the Email log add-on.]]></phrase>
  <phrase title="permission.emailLog_view" version_id="10" version_string="1.0"><![CDATA[View]]></phrase>
  <phrase title="permission_interface.emailLog" version_id="10" version_string="1.0"><![CDATA[Email log]]></phrase>
</phrases>
