<?xml version="1.0" encoding="utf-8"?>
<template_modifications>
  <modification type="public" template="account_visitor_menu" modification_key="EmailLog_account_visitor_menu" description="EmailLog_account_visitor_menu" execution_order="10" enabled="1" action="str_replace">
    <find><![CDATA[<!--[XF:account_links:bottom]-->]]></find>
    <replace><![CDATA[<xf:if is="{{ $xf.visitor.hasPermission('emailLog', 'view') }}">
<li><a href="{{ link('emaillog/') }}" class="menu-linkRow" >{{ phrase('emaillog_email_log') }}</a></li>
</xf:if>
$0]]></replace>
  </modification>
</template_modifications>
