{
    "connected_discord.php": "54f881c3356141ae0149148de4a33dbf5224ce79ace95b2731ddd60880a16749",
    "js/8wayrun/discord/discord.js": "5d3d44c5b1ff6ab81d43e6dbd89ed54e04c86e52c3336b97da91f2b69f594955",
    "js/8wayrun/discord/discord.min.js": "804e908e1405977f87149350c211723e56c9aecea3dd87b768525b67fee89c35",
    "src/addons/EWR/Discord/addon.json": "28a40e861175d8beedbda0d26946ee95180946c92886a1e671d36dba3888f5a3",
    "src/addons/EWR/Discord/Admin/Controller/Index.php": "b57f84a0185b1ada9562387a85588d9e0a3e1ad9da84304c70c3172976cf8412",
    "src/addons/EWR/Discord/Admin/Controller/Node.php": "cc3deee5cbdf3a78eac01907605ad0a14fcdce766b9909915c932638bbab9d8c",
    "src/addons/EWR/Discord/ConnectedAccount/Provider/Discord.php": "be537595adad900ce32fa489ddc8c395ae54d56f0f62586ecaf568ca2dae18e6",
    "src/addons/EWR/Discord/ConnectedAccount/ProviderData/Discord.php": "b9e2f6bde97e3f789d8b1b4bffb33c657f8d1d4db150d5918dea42cdf1c115a9",
    "src/addons/EWR/Discord/ConnectedAccount/Service/Discord.php": "a32da45f259b4db47801e927ab7848b6e4e1ef5c57f22721cb6335f027e33c8f",
    "src/addons/EWR/Discord/Cron/Sync.php": "64dbeadedb754bf74f4daae32b12c3586ce4ae9aaae062d0598cdada62130ab4",
    "src/addons/EWR/Discord/Entity/CartaHistory.php": "68c74974371726e0a6f56be3cca3ff7f71c899baa619cb40aa53fee851e0f5d1",
    "src/addons/EWR/Discord/Entity/MedioComment.php": "122a78286475cfa8686d49f06d86301c53f06b01afa393c50acb43d9f320b3b7",
    "src/addons/EWR/Discord/Entity/MedioMedia.php": "014f962dc21ef3bb66a9aa50eb0b50cb201ca6d874bc80caac45397b507bc0a6",
    "src/addons/EWR/Discord/Entity/Node.php": "7997b4180c5888a2605ccb3b31c53640d484e55b28f19d2f1ccd65cbd8247c5b",
    "src/addons/EWR/Discord/Entity/Post.php": "6e39720acbf2b5e91032b3c47d07bbdf95bdd641c3cf14163eabcdec6992b438",
    "src/addons/EWR/Discord/Entity/ProfilePost.php": "b49d9fc319e0882fb69b87570cb12618c10d41f3a11193dee41c081e8cde30a8",
    "src/addons/EWR/Discord/Entity/Thread.php": "47d27a99f3cbe8af8ec3bcaa1f2b572148d39e3174e6c403e127b23a39a2f0d1",
    "src/addons/EWR/Discord/Entity/User.php": "bb85aec41f1ce170342247b35b65e2f12a340a3c14011b45c6333d3feece5953",
    "src/addons/EWR/Discord/Entity/UserConnectedAccount.php": "9c0ba641e062578233bd290123fea82f01488f009ddd293767bbf28ba7abe4ab",
    "src/addons/EWR/Discord/Entity/UserOption.php": "9053193e0e5ecd08a2467c5d1e152406bb73e77b7d7a036481d4c6b034d50e20",
    "src/addons/EWR/Discord/Entity/XFMGComment.php": "8f733a5852c03dad48db675ecdf81b1706bce16b0826855d0ff832103f70536d",
    "src/addons/EWR/Discord/Entity/XFMGItem.php": "5661a4e9d613f2963cc10061968d6cf9fdb0abca143076b6afcf509f7d2e1a02",
    "src/addons/EWR/Discord/Entity/XFRMItem.php": "c1c1f905f56ad615d37c29ee8389a0cd841dc7de336c37e8370d1aec9e3d3e51",
    "src/addons/EWR/Discord/Entity/XFRMUpdate.php": "8b627b528e2114e2ec66a8c6eed4d9e08db5b2962ae48393554a080bb706e9d6",
    "src/addons/EWR/Discord/Listener/Navigation.php": "7fb55619f21a2d39c093eda80da4df52cab2e3d27281f296cbe25cc57bf9c346",
    "src/addons/EWR/Discord/Option/Channels.php": "f9354105aaf25e0b84f1b162756ec422b79f0430e0d70dcc2c8396da92771098",
    "src/addons/EWR/Discord/Option/Roles.php": "55b433bb46f6c680747f6e94667773c555dd0a7231d92c2a034a4cacbc064720",
    "src/addons/EWR/Discord/Option/Server.php": "5e4279f5d92c1f35b01bdde014663dc69c094ff117449d8d04aa0a8166c7f0e3",
    "src/addons/EWR/Discord/Option/WidgetBot.php": "61173de3270fd12baa6b114fdc6ebb1215f35fb6dc603c63e5ff4313c0087952",
    "src/addons/EWR/Discord/Pub/Controller/Account.php": "7a318935d6f5c4c1c564a8097ac49c57d96b83b3efcfab38f9a28e693e8bdac0",
    "src/addons/EWR/Discord/Pub/Controller/Index.php": "495fb9b85da9c869f8918ab88e89c85c8e89b1b926690fccac9fc61f484f6e11",
    "src/addons/EWR/Discord/Repository/Discord.php": "61b29870a6a6b7508e3278531eae1f8f199ed9af4e4616d25626c9c383bda4b9",
    "src/addons/EWR/Discord/Repository/RioStream.php": "fd6403db4953f676e9a49e6aad1f0f1f1e84f6f9bbb97d46dc5d273a51225466",
    "src/addons/EWR/Discord/Service/Conversation/Notifier.php": "50fc825128a393647119d1e02e9ba7bc5854024808d0dfafd614bef2faf6b8b9",
    "src/addons/EWR/Discord/Setup.php": "b76006cc26f2479706de95e41df903b3c1e2fd2cfbbe7c8cc228f7d93b79c58b",
    "src/addons/EWR/Discord/_data/class_extensions.xml": "462239fd79e7ae5f18928bd30e100843548d65c5d009e5f8ce665fde858638e0",
    "src/addons/EWR/Discord/_data/code_event_listeners.xml": "ebebc842e4b832c7d69216f13f268b9c526d7bb89527d8ac98643deaedc7f228",
    "src/addons/EWR/Discord/_data/cron.xml": "394939dcbf855eb095a06f5b6a06fffc91d83c31cb2673c11ac591879705c9d9",
    "src/addons/EWR/Discord/_data/navigation.xml": "05e561106451d23ec09273e690a80ed3e57fae3802b013ff579d56a784768917",
    "src/addons/EWR/Discord/_data/options.xml": "04d5bf779c4d83c35fe75320ce169b6574b94d164c13405f4a1eaf118eb36553",
    "src/addons/EWR/Discord/_data/option_groups.xml": "16ba52cb710463c3d9bc61e4ae2e83ebeacb71ee6e29ecad396067738c710a03",
    "src/addons/EWR/Discord/_data/permissions.xml": "173b338dd8767818dcc76d1519fae05c425f270b44a37152b1d379872a706d2f",
    "src/addons/EWR/Discord/_data/permission_interface_groups.xml": "c62a6981b545ed0d9102bc88aa0fa491ac745495db65900b0dca135069f41af9",
    "src/addons/EWR/Discord/_data/phrases.xml": "117a4a0b2946d067206d089a94825d28d95bb1bde71e07a1f4c63b5c56d1018a",
    "src/addons/EWR/Discord/_data/routes.xml": "d685ede9eff2371f60029cc89b61e6f65edbec8d4a3762e5da8ce21ce513fe35",
    "src/addons/EWR/Discord/_data/templates.xml": "9f9c7b2e4d1927334503cb517a8270bc982aca2363f367b79268c96952a10c17",
    "src/addons/EWR/Discord/_data/template_modifications.xml": "073f400bce6ab38a4e351c047abc247e3820c89b033351164bba169fc3e864c8",
    "src/addons/EWR/Discord/_data/widget_positions.xml": "1db714d061f6b7ed8acfca8604774ebbe669850480f169aab203e61a199ca4b0"
}