{
    "legacy_addon_id": "",
    "title": "[TH] Reactions",
    "description": "Additional like button emojis to add extra meaning, boost user interaction, and add to the fun!",
    "version_id": 1001394,
    "version_string": "1.0.13 Patch Level 4",
    "dev": "ThemeHouse",
    "dev_url": "https://www.themehouse.com",
    "faq_url": "https://www.themehouse.com/help/documentation/reactions/faqs",
    "support_url": "https://www.themehouse.com/help",
    "extra_urls": [],
    "require": [],
    "icon": "icon.png"
}