{
    "js/themehouse/reactions/react.js": "550766baa1bd1892c5c31321d8c6bd8d5e3624eeea12281f701af5c2700cf505",
    "js/themehouse/reactions/react.min.js": "3085a1867035f690436a07d371cbff81ed8079a68071321f1b7f7618ea9cead5",
    "src/addons/ThemeHouse/Core/Branding.php": "f29f80440fe8c391ddf1b1586b0f3d0eb93aa8d3481ae7d82c5c5a6249517986",
    "src/addons/ThemeHouse/Core/Branding/20180420.php": "a395c7021ad1831f980e340ffd7dd0ec902a11331318f8e4bfde084c247c9dcc",
    "src/addons/ThemeHouse/Reactions/addon.json": "6cee38b95f76dd0c557ff93c0891b9aed6625e60bcf462b182bdb223ba6dbfac",
    "src/addons/ThemeHouse/Reactions/Admin/Controller/Reaction.php": "a96db19d67f60b8b3282890a51290ecdf0757405a30830f875315e99499c9e30",
    "src/addons/ThemeHouse/Reactions/Admin/Controller/ReactionTool.php": "9cd59993aee7e048b24f1285335bb54a7426903757a2d41f47ade212b578e7c8",
    "src/addons/ThemeHouse/Reactions/Admin/Controller/ReactionType.php": "1aae84911d3d8a345a72904badd242b7419c97acdcd2f4e422e451136430ba69",
    "src/addons/ThemeHouse/Reactions/Admin/View/Edit.php": "f504d76ba424b25687b9305fcd53026c1b6176f5ab9abfc02c22931f1de1a7e1",
    "src/addons/ThemeHouse/Reactions/Admin/View/Export.php": "db32e7aedda180e0e0b6a9bad700bc8da59432a280f5f10dfb1ffe0ddd92d664",
    "src/addons/ThemeHouse/Reactions/Admin/View/Handler.php": "ec1860fe8ca016d7ee8dc502d915368a1dbe91c17a0f136a3a408adb1ec95621",
    "src/addons/ThemeHouse/Reactions/Behavior/Reactable.php": "9b3df0471104b7f5bd5abfa76e0061b98ad11f1ef558ec20a10362e92a15f1ef",
    "src/addons/ThemeHouse/Reactions/ControllerPlugin/React.php": "fca76532b08dcef267a7ea6a2c34fca544e72aacf0a65b20231cff578f56d8e1",
    "src/addons/ThemeHouse/Reactions/Entity/ContentReactionCount.php": "b2147911d08d9799dcb0e4a3ae4f76e6d656e86d368877771e3a9d4498b86fa3",
    "src/addons/ThemeHouse/Reactions/Entity/ReactedContent.php": "162a99e3aee50ffd238ab4344f8292d90d27b9c4837965333ee05592c61414c7",
    "src/addons/ThemeHouse/Reactions/Entity/Reaction.php": "637f1ba39f574a0cabb9ee88d7d749cdebd980e476a45e9e0c4c3a808250729f",
    "src/addons/ThemeHouse/Reactions/Entity/ReactionType.php": "a5eb2fc71dfa12a90973c2c30fa3dfceb35b1df74b065fcd4dc54d0e3bf99644",
    "src/addons/ThemeHouse/Reactions/Entity/UserReactionCount.php": "0acac096f2da23ed67d50fc9f040319c0fffef0036e8d6e3ddeb26685dffbd6b",
    "src/addons/ThemeHouse/Reactions/Help/Reactions.php": "6657bef1f11597a398f126e6c2428e53ebab04046a0d50bbf7349e993aca0328",
    "src/addons/ThemeHouse/Reactions/icon.png": "9e749ec085bc1ab712104d4e7574bb63ae08f9b620eddb313b73967d848b0c4c",
    "src/addons/ThemeHouse/Reactions/Import/Data/ReactedContent.php": "d24f9df36841890950a5a506ad45cf1c745c7c2a01bf9b0ae558e3b5bc465572",
    "src/addons/ThemeHouse/Reactions/Import/Data/Reaction.php": "64c90dbad4b634715e2fd8c5b081470c3a78d1a7a2d8e361d174457c4129fe77",
    "src/addons/ThemeHouse/Reactions/Import/Importer/AbstractReactionImporter.php": "a4a6c832fbff28a107beb34cb9d91b85b692ad5064c90c5e041f4da8b23380c9",
    "src/addons/ThemeHouse/Reactions/Import/Importer/DarkPostRatings.php": "43891382bf64c49063f7c66c308df835b5e4ae9d19a72c8f2531c4f691717b4a",
    "src/addons/ThemeHouse/Reactions/install-upgrade.json": "151c50e9d14222d512c1a9caf2fb83efa472b7221d26cf94825087c7133bac9b",
    "src/addons/ThemeHouse/Reactions/Job/ContentReactCount.php": "86ea48bcc2c0e73f9847284950d38498d806f9d9907eb9bbb6e8bb92574aad56",
    "src/addons/ThemeHouse/Reactions/Job/ConvertLike.php": "1e261a989c524e61f44b89db4af1bc21b8dbb69078338eb8913764f5d7278790",
    "src/addons/ThemeHouse/Reactions/Job/ConvertLikeReaction.php": "e860a4c703545e94fe2fcb25c7ead01fae800a9ae06e64a65a8a60dade0796f2",
    "src/addons/ThemeHouse/Reactions/Job/DeleteUserReactions.php": "dc01f246dc9e73695e897edb838be5f4d6ed947cec719af50f38a44e9e95d098",
    "src/addons/ThemeHouse/Reactions/Job/ReactIsCounted.php": "bba82b44a162f8d1310d3ee0ff1dff67eae6d8e991174152131aa8f56b9f839a",
    "src/addons/ThemeHouse/Reactions/Job/RemoveUnassociatedReactions.php": "9ad33e64e757c579c5a2a998c52d99a10670371aa706fd4e572aa9517e2420d4",
    "src/addons/ThemeHouse/Reactions/Job/UserReactionCount.php": "b8d6b55f3bdff2a96272a3f5728afdca933e23c419c410f4386968373c1e07a8",
    "src/addons/ThemeHouse/Reactions/Job/UserReactTotal.php": "db7912d776e794f13f0a3bf57c2bafd468e69cf2c98efa341e485e0eb4e2a9cc",
    "src/addons/ThemeHouse/Reactions/Listener/AddOnPostInstall.php": "20982e18915bbd7c02977ef71d8ae3aa48299b78989e6e6967a6b7d5b50fc54b",
    "src/addons/ThemeHouse/Reactions/Listener/CodeEvent.php": "973eaa7511c19d61e74eef6eb8df41dc3e99449053294ae716a0b4d919103cd0",
    "src/addons/ThemeHouse/Reactions/Listener/Criteria.php": "9150e6ddf543d8c349ac728e891fcdad2719d50a2efa330f65dce56cadd06e75",
    "src/addons/ThemeHouse/Reactions/Listener/EntityStructure.php": "c890d73d3d104d84b1f4312e27cc4b73d96bd196520e6c8660ee4a437bc2ffd3",
    "src/addons/ThemeHouse/Reactions/MemberStat/Reaction.php": "efd1b61467549bc09020c21b9b2aad7e2b72867b1ef9e5392c9d154b6683b928",
    "src/addons/ThemeHouse/Reactions/Option/ReactHandler.php": "1f76b7124b9e692ac2274800c0da2e21ad2ce753d5a4291ab00fafca2a4dfacf",
    "src/addons/ThemeHouse/Reactions/Pub/Controller/React.php": "30dfdeb3b0935e840ed9f81488520f29a2e3f521128b20697e4d7b7501681558",
    "src/addons/ThemeHouse/Reactions/Pub/View/React.php": "665780ec28bba8e8ac31b8156df27cd9a5e6e12026f648c66f58ec51d11a8e1f",
    "src/addons/ThemeHouse/Reactions/Pub/View/React/Listing.php": "732ab4b0e678ebe4db12955c1a86dffcbc79c67ba31e92efd383115550984873",
    "src/addons/ThemeHouse/Reactions/React/AbstractHandler.php": "e6492d1fdd587d85a6636918e59099bf68014db8327b9d4f9228477421f5e4fe",
    "src/addons/ThemeHouse/Reactions/React/Album.php": "5b9c18e1dec42ebb27c2e23800b0d4196b498436712430f703a7e9b737236156",
    "src/addons/ThemeHouse/Reactions/React/ConversationMessage.php": "971d5c652a22fccd22c41c1d41cb5d37b43087e9ff4418a4df9ab486d6ff6770",
    "src/addons/ThemeHouse/Reactions/React/MediaComment.php": "093b90862bc839834b91608f2b02339d838f7ced8b371fb0cbf5cee1d5125bb4",
    "src/addons/ThemeHouse/Reactions/React/MediaItem.php": "d4abbec505450519583d517be9c768d0af1dbc0e7500f8fb2954c8109f9c8958",
    "src/addons/ThemeHouse/Reactions/React/Post.php": "c8c7a451a1bda00c32f863848dc24539134e7d0dd73ccbfdd23a91f8cad4a19f",
    "src/addons/ThemeHouse/Reactions/React/ProfilePost.php": "122b0f6d5e1b3f7a17df52c00b4df9aa7cb462e34405e2820fb246ab78c82469",
    "src/addons/ThemeHouse/Reactions/React/ProfilePostComment.php": "34620a0575be8265729742f167e7cce864bbbcf943078be7aceaaf664ef2883d",
    "src/addons/ThemeHouse/Reactions/React/ResourceUpdate.php": "608ca85d29ceb619428ac60b0a0ef577e9589b741d9e63d18027f6b081ba29c3",
    "src/addons/ThemeHouse/Reactions/reactions.xml": "3fa3e59aea1f09860acc0b95b4288ba05dbda8cc5e327957f7eef1ddb332fe0f",
    "src/addons/ThemeHouse/Reactions/Repository/ContentReactionCount.php": "9e322e760ade6e54bdc687de04be2386b4be794582a9321c1d2b972b499bcdd7",
    "src/addons/ThemeHouse/Reactions/Repository/ReactedContent.php": "02332b8903f33a247a17feb14ab5ce45c1e199a725a4f29a22221a12aa604474",
    "src/addons/ThemeHouse/Reactions/Repository/ReactHandler.php": "725d6fd491365e5d049bfa8c260a50c3efc7368d9821ed70e7b7bd63bb5e86a0",
    "src/addons/ThemeHouse/Reactions/Repository/Reaction.php": "4453855ee8bb45381a99ac0e6e364886ec865e5f72ccb1f91ca54b092f31a493",
    "src/addons/ThemeHouse/Reactions/Repository/ReactionType.php": "ebe6b51d4e83fa53bc47b734a24c668d852e0b1231f33b2da80aee76b09d220c",
    "src/addons/ThemeHouse/Reactions/Repository/Setup.php": "c2c5f976bbe0e654822058760024ba539cbb9f0dbe99ecd146245e518551b042",
    "src/addons/ThemeHouse/Reactions/Repository/UserReactionCount.php": "74fff25aa19165df685ab8697e7c7bbc95ee03e5ed0e6c28ccaa6dd6cc16e975",
    "src/addons/ThemeHouse/Reactions/Service/Export.php": "a9b9dbb98bbdc2abea9093569e231997917915346f48d6848b7e0575d3a62b30",
    "src/addons/ThemeHouse/Reactions/Service/Import.php": "43224592b5d6a6536efcb42be341f98124d158b923e0abca1827b574baad278a",
    "src/addons/ThemeHouse/Reactions/Service/User/Deleter.php": "0fc11f57b69a378ef951b4876edcab58e08f0fe4fa88331e3971cd375ef8c071",
    "src/addons/ThemeHouse/Reactions/Setup.php": "83346dfedd7ae4ffba83c3057863ff3a5620b46771ad795e9b5ac1edb1af27dc",
    "src/addons/ThemeHouse/Reactions/Stats/Reaction.php": "4d004b77f8fa30334d45274d6cc760403f69d437172d704696381c11e8397c15",
    "src/addons/ThemeHouse/Reactions/Widget/MemberReactions.php": "a9b82421b66ae9278d62ce690bb85c6ace4ee8339060a43c23d06588e4e95614",
    "src/addons/ThemeHouse/Reactions/XF/CssRenderer.php": "d106c0c46bb6ab6f97edd85d3538421705059090696de2451cf9b37398822e14",
    "src/addons/ThemeHouse/Reactions/XF/Entity/AddOn.php": "7f7494043eefdfaa3e9ef7fa616e25ee4ad99837cc82e24543f4c454e1591bee",
    "src/addons/ThemeHouse/Reactions/XF/Entity/ConversationMaster.php": "ae5e77f46e167ead31cd82d289a8a404b504289b9a204f315db5dc9d05c661fe",
    "src/addons/ThemeHouse/Reactions/XF/Entity/ConversationMessage.php": "b0dc6714d78536addd16de0ea7f6a9e9f52e4d431e6fd4ee7185be272350211e",
    "src/addons/ThemeHouse/Reactions/XF/Entity/Post.php": "6769e6fb5984199a99ae0e7b2159ba4cae46bef6faa3523d7f7ba5dd4eb1c378",
    "src/addons/ThemeHouse/Reactions/XF/Entity/ProfilePost.php": "01a075cef891d587eb38b0b24ac1f29d706ca4ae5ad26e90fa64d4f521127c0e",
    "src/addons/ThemeHouse/Reactions/XF/Entity/ProfilePostComment.php": "a7a66f02643db0c229f07b1ee871d81baa3489bfd90ce1c02fc0389a9832a81e",
    "src/addons/ThemeHouse/Reactions/XF/Entity/Thread.php": "06f4cdd10be79a667011991d0eff23a0519c94433a2a466a70295c535e428d2d",
    "src/addons/ThemeHouse/Reactions/XF/Entity/User.php": "169b7f984b2025346f5574cf2e8b051b680dfb61457960522aa34cb61265a1f6",
    "src/addons/ThemeHouse/Reactions/XF/Pub/Controller/Member.php": "4eeb9070d5c8161e61392739510b6797865325d66181bce996e3c8df69abbdf4",
    "src/addons/ThemeHouse/Reactions/XF/Repository/LikedContent.php": "a138c00c07b3418dffb34f523247a504db71d32b0f9d9221d589d31d2298f81f",
    "src/addons/ThemeHouse/Reactions/XF/Service/User/ContentChange.php": "33bf2c4cde14cd29de1d37f844d1c8eccf4055a570154c92251b4b72e1948c16",
    "src/addons/ThemeHouse/Reactions/XF/Str/Formatter.php": "c3d5a05547d334501b4116c731130c37b6380abbb59ca210004fb53971401fa8",
    "src/addons/ThemeHouse/Reactions/XF/SubContainer/Import.php": "cf50de534f6000aea5d88f592661f853d9fe1c399478afb75eead3371427f634",
    "src/addons/ThemeHouse/Reactions/XF/Template/Templater.php": "ad952211e043f6776c938af157e44cffe26c30216555184c2a533a7dc1f84146",
    "src/addons/ThemeHouse/Reactions/XFMG/Entity/Album.php": "61f3bba739fa4b0ddbc531f381b558208c4618c4e7b089f6da06651f5c419420",
    "src/addons/ThemeHouse/Reactions/XFMG/Entity/Comment.php": "9aa65a5b5d2e9140acb5b06c315a9f2d4df01188b604650b9d020f91686d30ce",
    "src/addons/ThemeHouse/Reactions/XFMG/Entity/MediaItem.php": "18305090fc458c72b12a213036fcd42653526483026beef20cbb7fa1f2a9ceeb",
    "src/addons/ThemeHouse/Reactions/XFRM/Entity/ResourceUpdate.php": "47ef0b6697195a7413b1fc019ffda23335e3986f553d961eebd3fab426cb4e4d",
    "src/addons/ThemeHouse/Reactions/_data/admin_navigation.xml": "4a19d204f026ef010f364d55fd386e2bbe1ad904cf10b2b38ab9e5e8e087ed00",
    "src/addons/ThemeHouse/Reactions/_data/admin_permission.xml": "896d9478faa6257614333e8841cfd5c30160c53a7a0ef62330a106e92f49b432",
    "src/addons/ThemeHouse/Reactions/_data/advertising_positions.xml": "d2f7cbe844bb1df3cf878d22ff6306249245c8ff6b0b87b9b729744bec538261",
    "src/addons/ThemeHouse/Reactions/_data/bb_codes.xml": "faa4ddd5f4a365e5ac39aebdcbe2d25aedf74e7eb9ea4a812766e2fd5e13bdb1",
    "src/addons/ThemeHouse/Reactions/_data/bb_code_media_sites.xml": "29762987990187b33e43cfb68c08dc917b2d3f0176613d78f8e6c453f82da3f3",
    "src/addons/ThemeHouse/Reactions/_data/class_extensions.xml": "8e3f19ccbe4612230aeb3853d9d71a92fe8a2cea52205810e1a5f3920afc3ff5",
    "src/addons/ThemeHouse/Reactions/_data/code_events.xml": "8370dec3df47f91df4cf79da253446ad11b29f4ea568fe76c774e97a0379f0eb",
    "src/addons/ThemeHouse/Reactions/_data/code_event_listeners.xml": "8d56de0d35d0911f9bba656064c3f539097c4c9efc2cae34a0589bc8787044f4",
    "src/addons/ThemeHouse/Reactions/_data/content_type_fields.xml": "2cbc6a723c8bfd78099f69e7a9fa6f5ecdcbd4b867587df8387d3e7f49d92d39",
    "src/addons/ThemeHouse/Reactions/_data/cron.xml": "323c4284742ef24329cd6db6f288eb9736d2353f36852e1db12591e1583aea26",
    "src/addons/ThemeHouse/Reactions/_data/help_pages.xml": "6b12d459c2af292ef91f08f4b765cc4da19a32c9625ff62b619c4185186fbc51",
    "src/addons/ThemeHouse/Reactions/_data/member_stats.xml": "89fb2b93ff1eca7a1f6f752248edf6090dfd24037db1446fd18ff7143f08124d",
    "src/addons/ThemeHouse/Reactions/_data/navigation.xml": "f75e1c03a45a360bbdfcd0567121665082315068475d5b0feb8b1acbb1688651",
    "src/addons/ThemeHouse/Reactions/_data/options.xml": "756f3258caa56fd62623edc9a4f8d68237befd4ee1463a3987dbd8673ce29421",
    "src/addons/ThemeHouse/Reactions/_data/option_groups.xml": "75aa4ed6fa9866de4919fa5bd5efd3f3fd3a2aebb308a661a2282d2328e8c727",
    "src/addons/ThemeHouse/Reactions/_data/permissions.xml": "ca7db57c9f07fc13cfd8189fc9709efba70b0ae236eef90699950edbc0b96e9c",
    "src/addons/ThemeHouse/Reactions/_data/permission_interface_groups.xml": "986d09f1e5b8fe71d6247411df6fbceb8c4ec3e2efaf338dbf1a7592d48eb788",
    "src/addons/ThemeHouse/Reactions/_data/phrases.xml": "fe3df9c6681290be4af123bac92ac2e505d1fa61941ba00138cd10a13a205eed",
    "src/addons/ThemeHouse/Reactions/_data/routes.xml": "ec58d05d68c18dabae661818307497a139e8555c649a28cf6b8226823d304f05",
    "src/addons/ThemeHouse/Reactions/_data/style_properties.xml": "f1ab3eec92a1c1379c118cded09a1f19a6df1aa33aeeaabbecbe65538e18da9f",
    "src/addons/ThemeHouse/Reactions/_data/style_property_groups.xml": "0a24d04cc1a8f197642cc5b422d266e5e4eed426feaa3c7b03988af541f7f15a",
    "src/addons/ThemeHouse/Reactions/_data/templates.xml": "9dce6f8ea8f8f544b907d22afa73f6b9df15a88bb4d606e25cee2b51ec7b4d4f",
    "src/addons/ThemeHouse/Reactions/_data/template_modifications.xml": "5b22bafbb36cb05c13e80510f9b791947860e927b0df34513b601474d47af292",
    "src/addons/ThemeHouse/Reactions/_data/widget_definitions.xml": "f04797d073fc41587183edbe40b8f41ae04d88b29ba6ccbf4a4acd284071c286",
    "src/addons/ThemeHouse/Reactions/_data/widget_positions.xml": "a29cee66134f6bc5d75ed9df1eef21096c24401915c5b5c774389c3d7bb2d5b3",
    "styles/themehouse/reactions/agree.svg": "2522d7c7d394f1d056031fa50c4a97df885b217e42e4e8aa08ec9068a6ac8a1b",
    "styles/themehouse/reactions/angry.svg": "7868153789193fbb5594b27f654ddac1c75bcd33c51bf9ddca1c877e4bacf47c",
    "styles/themehouse/reactions/badspelling.svg": "718d189f720c3319f84602bde8b65fcfd7341ee29028f7fbe69d6506e7d46c15",
    "styles/themehouse/reactions/creative.svg": "28f2233d28ff1c2a04fdc452d7636ba66d21078ae3779782aa85e32755ff9de6",
    "styles/themehouse/reactions/cry.svg": "2006038a3d6fe3f8983158d0f8182e6542edfa63cc6430b89e38864b3c4e0c07",
    "styles/themehouse/reactions/disagree.svg": "89b6687ec483768fab1d1ddca1290a595abad9f365ded04fcd5ef37a2d5a2583",
    "styles/themehouse/reactions/dislike.svg": "50bfdb0fe0e12cf2642594d9c9f49495c6acd291c0465e4711cd77a90ada472b",
    "styles/themehouse/reactions/dumb.svg": "4be8b15c0297707ae6b3676040ab765b378623cf4a606312a37956c5cb7244db",
    "styles/themehouse/reactions/friendly.svg": "9e9f25b35dbdd5ee116b784c4c7d68cae3fe9fd2f00793d968b59997257e4e09",
    "styles/themehouse/reactions/funny.svg": "d81dedbc3d81917ba51eda80a56346ef38d324a75096c93365f3e93fc4069263",
    "styles/themehouse/reactions/happy.svg": "51c02cdaf2150a57dc35493261dabba115875d339840e446be6b68a680ae121b",
    "styles/themehouse/reactions/informative.svg": "79a5f78200dc30d54c3f52e706099f111b8b64bb6e366f045f36ef8b0751060f",
    "styles/themehouse/reactions/inlove.svg": "37eed43f35c90e13e4b21d2a9917fef85be8262daf3377ef27811598dd0cdefc",
    "styles/themehouse/reactions/like.svg": "ede125ebaddc1d0fa8ddef38877210fa7569f372dffde6b43b8d4a1d9bb69d33",
    "styles/themehouse/reactions/neutral.svg": "f1a97cf1a5ce15d54f0cc68514baee636b92f404bef0d834a5cf83c421bf05a2",
    "styles/themehouse/reactions/old.svg": "98478a5897ad43ea6650bd4d0c1c35e1923ac8ece111c509df9b6805e5caa2b5",
    "styles/themehouse/reactions/optimistic.svg": "680d803db800234b600101bf01d51d77e1f3342c96742b77ad4d12c44e010fb8",
    "styles/themehouse/reactions/sad.svg": "5725b4bc9972c94441e31a7c499e7618529b70a94d6eaf5fcbb7785be8550ec8",
    "styles/themehouse/reactions/scared .svg": "28e2e8dd21c77ea94dd980360703a0c8383af6ce9a9f11c67e511c6d2c8de503",
    "styles/themehouse/reactions/scared.svg": "de70cd5e178c791d0acaff7d493bc069b2fd0f7ec837ad0b12e9bbc85cfa3162",
    "styles/themehouse/reactions/sleepy.svg": "33dc27aea9b272d7bb19281706e5f607dae5041142e12dac766945b6b030d968",
    "styles/themehouse/reactions/smilie.svg": "1515bb97c81aa6790ef6175d02af42fe50a779a44f052bdf43d2cd9a73977d3f",
    "styles/themehouse/reactions/surprised.svg": "80154af73f85a6eb96c40e0006bf0dd87733089a3abb813e09e9e3e9650de58d",
    "styles/themehouse/reactions/tongue.svg": "3503eb00ad37225018f481eb3b12b2ce91e083b921e7004992836017bbf840e0",
    "styles/themehouse/reactions/trigger.svg": "7d81fe88a72ed4a993b2480f2de95b2ed8fa91dd8d6cf07d6d5e85040e9fccbc",
    "styles/themehouse/reactions/useful.svg": "6ac398311714c0a23977f17f76ece8dd8a2c4bbf1260dbca3fea532199500b5b",
    "styles/themehouse/reactions/wink.svg": "af456e55b72372bce2365aa63102b7bba91dc8ec80a2d4c5f6b405038aa85755",
    "styles/themehouse/reactions/winner.svg": "1ffb8fec2a94e9c4b620d0fb902a3bfabd9bf4f57e8917f9dbade11185f89ff7"
}