{
    "js/siropu/shoutbox/core.js": "6662f0e07a0d5dd19b996d70205a5d807f2251b262ce3c9b77bb6a6030f65040",
    "js/siropu/shoutbox/core.min.js": "d0704301ef02dcd40c3020c079b8e918d4980b48d0f9d06bddd8f508bda9aedd",
    "src/addons/Siropu/Shoutbox/addon.json": "696251ea7a08e71a5d3b50981e08b49ce52debf811b4209f78e896c3967f6a92",
    "src/addons/Siropu/Shoutbox/Cron/Shout.php": "ce315f996891e28acdbccd724caf0200c4bc4384ef5f50d2ed732154da55cfb6",
    "src/addons/Siropu/Shoutbox/Entity/Shout.php": "43e8ae5e1ce5117df22c6ae13ebde705df53f3698a8422679c577807856ed6e5",
    "src/addons/Siropu/Shoutbox/Option/AutoPrune.php": "54dce0036cd06d7b36eba42a7d806ad560b8a7408efbfb476279f72fdccd6100",
    "src/addons/Siropu/Shoutbox/Pub/Controller/Shoutbox.php": "05a0c9748ee732a664e9530dce58e5eeed3af5fa0a93fb64c1dc0c15645a9ccf",
    "src/addons/Siropu/Shoutbox/Pub/View/Shoutbox.php": "3fb5e096bfec305d49fc84691a97d90361feb7de4a5dae02070d29ee4c35777f",
    "src/addons/Siropu/Shoutbox/Repository/Shout.php": "4b6aa502fa23e14181a504db07be215594edf4da117cbeffa1aa2142a5cc28f9",
    "src/addons/Siropu/Shoutbox/Service/Shout/Preparer.php": "f8b44e0a6aa0818e80de396b72f66c20f293784fc52f77f2340e5a68e93aa01a",
    "src/addons/Siropu/Shoutbox/Setup.php": "adb0952b25a2c7ce9b39527b62d38927c5d925becbd2f26bfcdd6617130d345b",
    "src/addons/Siropu/Shoutbox/Shoutbox.php": "ea8f0293b329038fa2aee6f191479dae5f48d404f75c322eecd411dc5fd2428a",
    "src/addons/Siropu/Shoutbox/Widget/Shoutbox.php": "5a5d0cb19f3f113d28d27830ac34d76023359677c54f83e432915ee5131d25c0",
    "src/addons/Siropu/Shoutbox/XF/Entity/User.php": "1c1b7dc11b4d731f7d20616ac02088dcb449c6afdc0546fd31bc4f5f7ac42f97",
    "src/addons/Siropu/Shoutbox/_data/admin_navigation.xml": "064ec797484ac00d5ee37367b50b06846d11f480d00550997712707f8fdac8c0",
    "src/addons/Siropu/Shoutbox/_data/admin_permission.xml": "ec6fb97cebf0bceb24f1ed1d5778c1db54eeb7535fbb3e31d824840e7aa9ff87",
    "src/addons/Siropu/Shoutbox/_data/advertising_positions.xml": "d2f7cbe844bb1df3cf878d22ff6306249245c8ff6b0b87b9b729744bec538261",
    "src/addons/Siropu/Shoutbox/_data/bb_codes.xml": "faa4ddd5f4a365e5ac39aebdcbe2d25aedf74e7eb9ea4a812766e2fd5e13bdb1",
    "src/addons/Siropu/Shoutbox/_data/bb_code_media_sites.xml": "29762987990187b33e43cfb68c08dc917b2d3f0176613d78f8e6c453f82da3f3",
    "src/addons/Siropu/Shoutbox/_data/class_extensions.xml": "4fad7af7bfdd94ec74225869e4f8e3f7bb166618a40b18da53b3b02752ccaa2f",
    "src/addons/Siropu/Shoutbox/_data/code_events.xml": "8370dec3df47f91df4cf79da253446ad11b29f4ea568fe76c774e97a0379f0eb",
    "src/addons/Siropu/Shoutbox/_data/code_event_listeners.xml": "d6b5072f4909dee7a20ee9e44b163f95c8aa52e6ac7f573e292000cd9238c331",
    "src/addons/Siropu/Shoutbox/_data/content_type_fields.xml": "c7ad5472b28f465b7ac7617627707eba1b7a39d28089460d52e1ed292fc0b06a",
    "src/addons/Siropu/Shoutbox/_data/cron.xml": "ddb62c2ef592fbecb2ac1ccecc0ea10071ff626aa8acbb41cee80491981c512d",
    "src/addons/Siropu/Shoutbox/_data/help_pages.xml": "a8a0c0b06cdc550438bc8a8d385af3e1e5ab3459877dfb934c1c31be59c89163",
    "src/addons/Siropu/Shoutbox/_data/member_stats.xml": "89fb2b93ff1eca7a1f6f752248edf6090dfd24037db1446fd18ff7143f08124d",
    "src/addons/Siropu/Shoutbox/_data/navigation.xml": "4411c4df9da41b3622b437887e9c3aa4233aaf8578e822ceaa7cb2ea5c6acecd",
    "src/addons/Siropu/Shoutbox/_data/options.xml": "c61e9889d0282795bcc948c1407ff45249c0f54854b8598d0c4ca12a737928d0",
    "src/addons/Siropu/Shoutbox/_data/option_groups.xml": "a2a244e0cdbb250361806bdf94d460bc668b1f461733d8336c87285e9f205b07",
    "src/addons/Siropu/Shoutbox/_data/permissions.xml": "edd54c889399fddee07f69a79f84accd4e94db3a86d021f9e59e5ca15c36d33a",
    "src/addons/Siropu/Shoutbox/_data/permission_interface_groups.xml": "3e7e8834b8ccde49701261cbe49ac9ffcd1681eb6f1aa7f1f1fec93e81ec4860",
    "src/addons/Siropu/Shoutbox/_data/phrases.xml": "b4b99b0a453084acd1472b8cddc319c324088d1709611d2470986dde20f4af1e",
    "src/addons/Siropu/Shoutbox/_data/routes.xml": "b18906e7de5c0ef13d6b781a6cef6b8765f6c7441e140a0383573b668dd2052e",
    "src/addons/Siropu/Shoutbox/_data/style_properties.xml": "8b8690a8512f01f219dd2da76e3d0c5f62afc1f317b87794a7331c859c36a7a8",
    "src/addons/Siropu/Shoutbox/_data/style_property_groups.xml": "68e1879cb3846c42d978487aa8d5145ff3335fc39e58016878824d5cf3fd684c",
    "src/addons/Siropu/Shoutbox/_data/templates.xml": "75492cf4e177cadf2be994a2d6149ad78954ffffcde43f8084a0adde4ffc34d7",
    "src/addons/Siropu/Shoutbox/_data/template_modifications.xml": "3b54b7df00a6a4a18c5e012b6e2588e35c23aaa13a5fc227f08646a97590d778",
    "src/addons/Siropu/Shoutbox/_data/widget_definitions.xml": "fb187539efbb1fb35c06c1ff358eb62cf64e76ed0713df0675af4150a4572890",
    "src/addons/Siropu/Shoutbox/_data/widget_positions.xml": "a29cee66134f6bc5d75ed9df1eef21096c24401915c5b5c774389c3d7bb2d5b3",
    "styles/default/siropu/shoutbox/index.html": "e3b0c44298fc1c149afbf4c8996fb92427ae41e4649b934ca495991b7852b855",
    "styles/default/siropu/shoutbox/new.mp3": "345beb030a5b94ee817d0f05e4b7c82f77057a82633ac51401930bea026bab72"
}