{
    "src/addons/Snog/ForceSecure/addon.json": "e9db007dfadbb78fa7d50bd6010a53b775c17268a4020cb73bba80c7d6c49388",
    "src/addons/Snog/ForceSecure/XF/Pub/Controller/Account.php": "68533b8ce58e0e0244b7e1fd376de7778d7a96b84da85ec47600ee5dc2272bf2",
    "src/addons/Snog/ForceSecure/XF/Pub/Controller/Conversation.php": "4dc0e2b7d25e542b8108d113c48f768f5ac90aee45a1b3b9f54fbf3dba161497",
    "src/addons/Snog/ForceSecure/XF/Pub/Controller/Forum.php": "8bf31282742f9794aa5eba2b337b75885ba157e8060445a71e064660caa2c89d",
    "src/addons/Snog/ForceSecure/XF/Pub/Controller/Post.php": "5e6121ef75cbf618c8ac3f41a569e1cab00cd75aee5ce4089dcdcf063d6d8dcf",
    "src/addons/Snog/ForceSecure/XF/Pub/Controller/Thread.php": "edd1d801777aa178b02df8863fb50a9347b6bd5cf165973b42f1a357e89bdc76",
    "src/addons/Snog/ForceSecure/_data/class_extensions.xml": "448265f4d7d154cb25f2f88f61b4eac2957e3b111466712c5d469238bd4f0a13",
    "src/addons/Snog/ForceSecure/_data/phrases.xml": "550d1672e3fee6ab7aa3c9a0e214130ffcce6e7c7c6d55ff115539a4de932a92"
}