<?xml version="1.0" encoding="utf-8"?>
<options>
  <option option_id="j_enableipquality" edit_format="onofftextbox" data_type="array">
    <default_value>{"enabled":"0","apikey":""}</default_value>
    <edit_format_params>onoff=enabled
value=apikey
type=textbox</edit_format_params>
    <sub_options>enabled
apikey</sub_options>
    <relation group_id="j_email_check" display_order="200"/>
  </option>
  <option option_id="j_enableregistrationproxycheck" edit_format="onofftextbox" data_type="array">
    <default_value>{"enabled":"0","apikey":""}</default_value>
    <edit_format_params>onoff=enabled
value=apikey
type=textbox</edit_format_params>
    <sub_options>enabled
apikey</sub_options>
    <relation group_id="j_email_check" display_order="0"/>
  </option>
  <option option_id="j_validtorpizza" edit_format="onoff" data_type="boolean">
    <default_value>0</default_value>
    <relation group_id="j_email_check" display_order="1"/>
  </option>
</options>
