{
    "src/addons/SV/CustomFieldPerms/addon.json": "5f9ada61c97bd977f4dd44e0faaf26c9895387492ea50e7c0153829b2bfee047",
    "src/addons/SV/CustomFieldPerms/CustomFieldAdminTrait.php": "b1a2dff945515ff46e23891c64e293326bc64d83450d836880469a8ebaac5c14",
    "src/addons/SV/CustomFieldPerms/CustomFieldEntityTrait.php": "f38752a2ca0a0fc28d6c61bbd0d6df30f6a41d4e633a7e2bf811384756d3ab63",
    "src/addons/SV/CustomFieldPerms/CustomFieldFilterTrait.php": "7959ba0fbd5c894936f8f5976979f2483bbd33c9daca2637a59fa08df41f8c7f",
    "src/addons/SV/CustomFieldPerms/IFieldEntityPerm.php": "a2c39130befb1e38ea9901101346986a27fc2fda1fa19903bebc280384cc7b70",
    "src/addons/SV/CustomFieldPerms/IFieldPerm.php": "32f03d0b970bf8f946c2a3e50723d09868e8d2e89f43340429e7a72e76b94219",
    "src/addons/SV/CustomFieldPerms/Listener.php": "6b2db37d0fb71358be9fd0ce0fe435e0a503880d5093b7b36898af2e059c256d",
    "src/addons/SV/CustomFieldPerms/Repository/Field.php": "9a79ad71950b469171888c233e60da95a3d2e6e9e9742109d1d9c05a16a8c99e",
    "src/addons/SV/CustomFieldPerms/SetEntity.php": "c3721b2dfccc9ee64f4e79612181a44ce47561e335023463e4a3fe1c409ddb3a",
    "src/addons/SV/CustomFieldPerms/Setup.php": "9e2e760d0120c24f2fc7f3645a66fb8c77656d16550e6aee027db89c102ba888",
    "src/addons/SV/CustomFieldPerms/XF/Admin/Controller/ThreadField.php": "851a4a92f981aa5b246697218d4529a72f722e566a528e9fb3699f5f91320cb4",
    "src/addons/SV/CustomFieldPerms/XF/Admin/Controller/UserField.php": "5007064a5f71da0df42a384fe83a59a74567df0ba0f752a6da199c046d45be42",
    "src/addons/SV/CustomFieldPerms/XF/Entity/Thread.php": "6660a3a6233c809fce6c32b512ed6e121e0c32b33dda650cd2f7eed8b3c59051",
    "src/addons/SV/CustomFieldPerms/XF/Entity/ThreadField.php": "5186bdd405874bab35436dae279a4762db26ba5b5fcd7d22b8d4ef679d7fa72f",
    "src/addons/SV/CustomFieldPerms/XF/Entity/UserField.php": "1ced3549c750651b9af80b6a73c754bfe5e03271b1b672e9e882d0b7d37d69e3",
    "src/addons/SV/CustomFieldPerms/XF/Entity/UserProfile.php": "4cf786699ae1bddb5fc72bf3d5fd66d8fd753889311a41941f298ea9505164b9",
    "src/addons/SV/CustomFieldPerms/_data/admin_navigation.xml": "064ec797484ac00d5ee37367b50b06846d11f480d00550997712707f8fdac8c0",
    "src/addons/SV/CustomFieldPerms/_data/admin_permission.xml": "ec6fb97cebf0bceb24f1ed1d5778c1db54eeb7535fbb3e31d824840e7aa9ff87",
    "src/addons/SV/CustomFieldPerms/_data/advertising_positions.xml": "d2f7cbe844bb1df3cf878d22ff6306249245c8ff6b0b87b9b729744bec538261",
    "src/addons/SV/CustomFieldPerms/_data/bb_codes.xml": "faa4ddd5f4a365e5ac39aebdcbe2d25aedf74e7eb9ea4a812766e2fd5e13bdb1",
    "src/addons/SV/CustomFieldPerms/_data/bb_code_media_sites.xml": "29762987990187b33e43cfb68c08dc917b2d3f0176613d78f8e6c453f82da3f3",
    "src/addons/SV/CustomFieldPerms/_data/class_extensions.xml": "3335873245652fef4ff67a3fa29b7b1033420282c5803997eeae46886dee42f7",
    "src/addons/SV/CustomFieldPerms/_data/code_events.xml": "8370dec3df47f91df4cf79da253446ad11b29f4ea568fe76c774e97a0379f0eb",
    "src/addons/SV/CustomFieldPerms/_data/code_event_listeners.xml": "1bcd29a95ce783a9f3076db8cbff86c42161712edc020914e012b7b9d9c8634e",
    "src/addons/SV/CustomFieldPerms/_data/content_type_fields.xml": "c7ad5472b28f465b7ac7617627707eba1b7a39d28089460d52e1ed292fc0b06a",
    "src/addons/SV/CustomFieldPerms/_data/cron.xml": "323c4284742ef24329cd6db6f288eb9736d2353f36852e1db12591e1583aea26",
    "src/addons/SV/CustomFieldPerms/_data/help_pages.xml": "a8a0c0b06cdc550438bc8a8d385af3e1e5ab3459877dfb934c1c31be59c89163",
    "src/addons/SV/CustomFieldPerms/_data/member_stats.xml": "89fb2b93ff1eca7a1f6f752248edf6090dfd24037db1446fd18ff7143f08124d",
    "src/addons/SV/CustomFieldPerms/_data/navigation.xml": "f75e1c03a45a360bbdfcd0567121665082315068475d5b0feb8b1acbb1688651",
    "src/addons/SV/CustomFieldPerms/_data/options.xml": "1cea29aa5671733d85c8fc6f7c66128eacbca5643cbb38585eb82002879b51a4",
    "src/addons/SV/CustomFieldPerms/_data/option_groups.xml": "154d7a89664b243d0bd8227c22e241f934bf7e196c83230ee23d3c0c4fba1333",
    "src/addons/SV/CustomFieldPerms/_data/permissions.xml": "7e4fc7d5826733d15ea2d8936b9bdd41afcaad810eb38e50da3c8d8eafda1550",
    "src/addons/SV/CustomFieldPerms/_data/permission_interface_groups.xml": "3177224e96458b829aa7fb24866dda9e0455a4922aee3d669b53f59a1ffdf5d1",
    "src/addons/SV/CustomFieldPerms/_data/phrases.xml": "f972969b12f644611e8e72115128139c1db1d82c8d93d857c23ee873d8434244",
    "src/addons/SV/CustomFieldPerms/_data/routes.xml": "550fa64f9feedf137dd877b38c2684f94474619d2d83890dbb717a91b50da8f5",
    "src/addons/SV/CustomFieldPerms/_data/style_properties.xml": "8b8690a8512f01f219dd2da76e3d0c5f62afc1f317b87794a7331c859c36a7a8",
    "src/addons/SV/CustomFieldPerms/_data/style_property_groups.xml": "68e1879cb3846c42d978487aa8d5145ff3335fc39e58016878824d5cf3fd684c",
    "src/addons/SV/CustomFieldPerms/_data/templates.xml": "f69b4a879e9a2c4853bae5b8c2c67589b8a8ecf90108ad13f510e3fe88e91ab2",
    "src/addons/SV/CustomFieldPerms/_data/template_modifications.xml": "895163d99edebf3d5426969425f5d9f8563450040f369a072d470185073f69b1",
    "src/addons/SV/CustomFieldPerms/_data/widget_definitions.xml": "37e46965256430f24004c2e7f08ba08f9b0d1cbcc4d70e84b3f4e3ffb713e64b",
    "src/addons/SV/CustomFieldPerms/_data/widget_positions.xml": "a29cee66134f6bc5d75ed9df1eef21096c24401915c5b5c774389c3d7bb2d5b3"
}