{
    "legacy_addon_id": "SV_WarningImprovements",
    "title": "Warning Improvements",
    "description": "A (large) collection of improvements to XF's warning system.",
    "version_id": 2020100,
    "version_string": "2.2.1",
    "dev": "Xon",
    "dev_url": "https://atelieraphelion.com",
    "faq_url": "",
    "support_url": "https://xenforo.com/community/resources/warning-improvements-by-xon.6240/",
    "extra_urls": [],
    "require": {
        "XF": [
            2000010,
            "XenForo 2.0.0+"
        ],
        "php": [
            "5.6.0",
            "PHP 5.6.0+"
        ]
    },
    "icon": "fa-exclamation-triangle"
}
