{
    "js/sv/warningimprovements/warnings.js": "c01848634c54a58ecf86e98b9898aef9e0ea518f5e1d91e662fdfd9b1edd7e30",
    "js/sv/warningimprovements/warnings.min.js": "82644117e2c712097e6300c09d183f947087aa1f7f924cb82fb09aae387b487a",
    "src/addons/SV/Utils/BypassAccessStatus.php": "90265f29c5f41baae1166279bacf741b1a07e6910c0a4b2b86bbd458f960ac38",
    "src/addons/SV/Utils/Finder/RlikeOperatorTrait.php": "f0e0ac9ea02a82a6c5e1fd6e47d9e371d1dae95e8f1bd3dd5cc2142aa9b7a882",
    "src/addons/SV/Utils/Finder/SqlJoinTrait.php": "8337a2e3249f3b45aa58429d64c6e5f059e9a732a202c63212f761596296a953",
    "src/addons/SV/Utils/InstallerHelper.php": "220f1e9f7f61f4580ca00ea22af7d749f13fb9bbda6c4672017b559d54989189",
    "src/addons/SV/Utils/InstallerSoftRequire.php": "c10f3b02e913d1c80ab6af4fda27b7e5abaeefb84fe67e5fc1515dbbed2f753d",
    "src/addons/SV/Utils/LanguagePhrasing.php": "49bed893ffcc65231d07f8dd333efdfa17d5f90e6c215708c047c6b64ad64c42",
    "src/addons/SV/Utils/LICENSE": "1f420009440aea49e48f2b4c6943334b577459b7c1feb96dac378e43bf941cd1",
    "src/addons/SV/Utils/README.md": "4bd571a6eee04e7ea1dcffdf5136d4a8e9eae888c63d3e500a5ac1cf365ba956",
    "src/addons/SV/WarningImprovements/addon.json": "95edab53a13990a6f3f3351ca6354b7b27c852cc35c130d51f178580fdb6fbd9",
    "src/addons/SV/WarningImprovements/Alert/WarningAlert.php": "4e099f601b674ed7e0476a762f1a78c40f1f5596b37164deb3a64268b3037a25",
    "src/addons/SV/WarningImprovements/Entity/WarningCategory.php": "fee67682dfd6866c643f4bb2d474645b158ee693b7a8a49e00807acbbe438129",
    "src/addons/SV/WarningImprovements/Entity/WarningDefault.php": "88ff0ba4319f6b80728a1b5d5fd120e9daea7481dd1c455cf378c4849c611255",
    "src/addons/SV/WarningImprovements/Globals.php": "d576933ba424c8188b9040c5b615afd685e34ebd704bd70d59f664c51c4922cc",
    "src/addons/SV/WarningImprovements/Job/CategoryDelete.php": "26ba356098a3121ede73307fd0ef33f37a31afd0a259c676df02ede395caa7be",
    "src/addons/SV/WarningImprovements/Listener.php": "78450306f67a724953de55432a63b1d6c1d2e20ce68262fd25633dd9686b60b6",
    "src/addons/SV/WarningImprovements/Repository/WarningCategory.php": "21c8f483dc307f96750d4006726d32ff76501685392f4f737d2abf9cef8b3dc0",
    "src/addons/SV/WarningImprovements/Service/Warning/CategoryRebuildNestedSet.php": "f5ca7bf3bedd5c0cbcfda61e02c427d103788bd91f991beedb41c7fcd71d715b",
    "src/addons/SV/WarningImprovements/Setup.php": "978ff74e57bc8efe9f32dbb87ef9383cc7d245a0e6f21abe31467bdb0825fc61",
    "src/addons/SV/WarningImprovements/XF/Admin/Controller/Warning.php": "d411c0c2eee059ccaed5354a64bb9ccdfecf0999c518bdbaf84acb2ee7a3879c",
    "src/addons/SV/WarningImprovements/XF/ControllerPlugin/Warn.php": "9303936acf8d62c980de93957f41ec4b6ce6a70cbc299aa74eb53a4c6ca303a2",
    "src/addons/SV/WarningImprovements/XF/ControllerPlugin/WarningCategoryTree.php": "a2185e11cfb4cb86b5ad953cb5305b871be10688846657062b17c9aca7a5336a",
    "src/addons/SV/WarningImprovements/XF/Entity/ConversationMaster.php": "0feac14196c66ede12260b43d667616deee109a5bc211b38562ae2d060fb827a",
    "src/addons/SV/WarningImprovements/XF/Entity/User.php": "0accad22c33248e6fc4de831ff67ec5deae869e74a05c30c6df994834eb97940",
    "src/addons/SV/WarningImprovements/XF/Entity/UserBan.php": "3986444d92e3e72884d018a6a6607a5ae4785f58fe20b25899b8c7d449e57887",
    "src/addons/SV/WarningImprovements/XF/Entity/UserChangeTemp.php": "3ad9c711ccf54be270251ee06b2142ea7c50b7292478147917cac3ef53dce3a6",
    "src/addons/SV/WarningImprovements/XF/Entity/UserOption.php": "ce620b1998a9a06d024b2eb96a58fd620540217dcf6269185b9da8ba448054ca",
    "src/addons/SV/WarningImprovements/XF/Entity/Warning.php": "f7abe570f1885315a729380d6eb68853e1afafe42f1f0030c3c0e51a721631ff",
    "src/addons/SV/WarningImprovements/XF/Entity/WarningAction.php": "7bec9390756d267366d7f8c621cabeb44b2cc2527945abd6d77184ef71222bc7",
    "src/addons/SV/WarningImprovements/XF/Entity/WarningDefinition.php": "f9d1d3185c52dbbaa593de73f55e7fb101bde811f8ad6ae9e277268fb156c898",
    "src/addons/SV/WarningImprovements/XF/Pub/Controller/Member.php": "fd03e6c7df56cbeefc2d7a4df6aa9b7c3a6e6c6bd8fd6c034dcddd166840f546",
    "src/addons/SV/WarningImprovements/XF/Pub/View/Member/WarnFill.php": "6024a7a17876702be91c48ca688de057aa20dc0c779ffa648858a143646f8301",
    "src/addons/SV/WarningImprovements/XF/Repository/UserChangeTemp.php": "43ef8bf62e4ec54271cb15aa1f19ace24c07fbc9a9243ccf738a35bb5012fdd8",
    "src/addons/SV/WarningImprovements/XF/Repository/Warning.php": "cd8676d1e99f99afd3ff1418b28c546f3196ee74e67dddf3b10b2ea7414f6f8f",
    "src/addons/SV/WarningImprovements/XF/Service/Conversation/Notifier.php": "366352489f7120ca8c960bfd2c042dfbd3ec49e7273391cb3376d084579a0ec8",
    "src/addons/SV/WarningImprovements/XF/Service/User/ContentChange.php": "fd66609ac2a5db0377fca25b0799b37b86d099e7788168586a3422abcdbfb841",
    "src/addons/SV/WarningImprovements/XF/Service/User/Warn.php": "5dc5e1ab585d73f308f3a864f89903a7dc20c1eabef22a6eeec9844fd89a5aef",
    "src/addons/SV/WarningImprovements/XF/Service/User/WarningPointsChange.php": "87e6f5a5810eb0602b9dc19b25b02e00ce4804db5c18f5fad1053cc81ac0eeb1",
    "src/addons/SV/WarningImprovements/XF/Service/User/WarningTotal.php": "084ff4ef3c06882d7f6523dd3b12f25ea0fdd40fab22d1efb56b7e48f989413c",
    "src/addons/SV/WarningImprovements/_data/admin_navigation.xml": "064ec797484ac00d5ee37367b50b06846d11f480d00550997712707f8fdac8c0",
    "src/addons/SV/WarningImprovements/_data/admin_permission.xml": "ec6fb97cebf0bceb24f1ed1d5778c1db54eeb7535fbb3e31d824840e7aa9ff87",
    "src/addons/SV/WarningImprovements/_data/advertising_positions.xml": "d2f7cbe844bb1df3cf878d22ff6306249245c8ff6b0b87b9b729744bec538261",
    "src/addons/SV/WarningImprovements/_data/bb_codes.xml": "faa4ddd5f4a365e5ac39aebdcbe2d25aedf74e7eb9ea4a812766e2fd5e13bdb1",
    "src/addons/SV/WarningImprovements/_data/bb_code_media_sites.xml": "29762987990187b33e43cfb68c08dc917b2d3f0176613d78f8e6c453f82da3f3",
    "src/addons/SV/WarningImprovements/_data/class_extensions.xml": "192f992e1476d8da75af50983786a311f9bde92d492fdad009bc50dbfc44c9e5",
    "src/addons/SV/WarningImprovements/_data/code_events.xml": "8370dec3df47f91df4cf79da253446ad11b29f4ea568fe76c774e97a0379f0eb",
    "src/addons/SV/WarningImprovements/_data/code_event_listeners.xml": "cb03c7b0724a5ce647223f06210cca91cdb51ef48b20d49d8ca7be5dd5cea39f",
    "src/addons/SV/WarningImprovements/_data/content_type_fields.xml": "1c18976730b1dcfb2eb4a5649177e07672823a9a9ed234625a34b05bab50c33b",
    "src/addons/SV/WarningImprovements/_data/cron.xml": "323c4284742ef24329cd6db6f288eb9736d2353f36852e1db12591e1583aea26",
    "src/addons/SV/WarningImprovements/_data/help_pages.xml": "a8a0c0b06cdc550438bc8a8d385af3e1e5ab3459877dfb934c1c31be59c89163",
    "src/addons/SV/WarningImprovements/_data/member_stats.xml": "89fb2b93ff1eca7a1f6f752248edf6090dfd24037db1446fd18ff7143f08124d",
    "src/addons/SV/WarningImprovements/_data/navigation.xml": "f75e1c03a45a360bbdfcd0567121665082315068475d5b0feb8b1acbb1688651",
    "src/addons/SV/WarningImprovements/_data/options.xml": "28d761d663b650d1993370e04c62399b25c28feaac605197106aeeafe1bdc1ed",
    "src/addons/SV/WarningImprovements/_data/option_groups.xml": "1910f3f30096e01b530ae5e769afc99423339d4e0c58c0f845f14258db430ac8",
    "src/addons/SV/WarningImprovements/_data/permissions.xml": "36ced62fc5921bb3b6ef47e74aff673d576afadbd7d8f57af42630d9fafd399c",
    "src/addons/SV/WarningImprovements/_data/permission_interface_groups.xml": "3177224e96458b829aa7fb24866dda9e0455a4922aee3d669b53f59a1ffdf5d1",
    "src/addons/SV/WarningImprovements/_data/phrases.xml": "d89c89b611865f4ebceef3a6b65371e540a27ff7ed49ef673e93485bb158a709",
    "src/addons/SV/WarningImprovements/_data/routes.xml": "550fa64f9feedf137dd877b38c2684f94474619d2d83890dbb717a91b50da8f5",
    "src/addons/SV/WarningImprovements/_data/style_properties.xml": "8b8690a8512f01f219dd2da76e3d0c5f62afc1f317b87794a7331c859c36a7a8",
    "src/addons/SV/WarningImprovements/_data/style_property_groups.xml": "68e1879cb3846c42d978487aa8d5145ff3335fc39e58016878824d5cf3fd684c",
    "src/addons/SV/WarningImprovements/_data/templates.xml": "455b901fd3a3d524a478c557e2483d7c01697090d5b7255703bc9c8fabbad978",
    "src/addons/SV/WarningImprovements/_data/template_modifications.xml": "e442b34a0ff1eb052833da46010de3ee84523568361b51e34afe46444de1834b",
    "src/addons/SV/WarningImprovements/_data/widget_definitions.xml": "37e46965256430f24004c2e7f08ba08f9b0d1cbcc4d70e84b3f4e3ffb713e64b",
    "src/addons/SV/WarningImprovements/_data/widget_positions.xml": "a29cee66134f6bc5d75ed9df1eef21096c24401915c5b5c774389c3d7bb2d5b3"
}