<?xml version="1.0" encoding="utf-8"?>
<options>
  <option option_id="ahDW_alph" edit_format="onoff" data_type="string">
    <default_value></default_value>
    <relation group_id="ahDiscordWidget" display_order="200"/>
  </option>
  <option option_id="ahDW_collapseUsers" edit_format="onoff" data_type="string">
    <default_value></default_value>
    <relation group_id="ahDiscordWidget" display_order="310"/>
  </option>
  <option option_id="ahDW_hideAll" edit_format="onoff" data_type="string">
    <default_value></default_value>
    <relation group_id="ahDiscordWidget" display_order="210"/>
  </option>
  <option option_id="ahDW_hideSpecific" edit_format="textbox" data_type="string">
    <default_value></default_value>
    <relation group_id="ahDiscordWidget" display_order="220"/>
  </option>
  <option option_id="ahDW_hideUsers" edit_format="onoff" data_type="string">
    <default_value></default_value>
    <relation group_id="ahDiscordWidget" display_order="310"/>
  </option>
  <option option_id="ahDW_inviteLink" edit_format="textbox" data_type="string">
    <default_value></default_value>
    <relation group_id="ahDiscordWidget" display_order="120"/>
  </option>
  <option option_id="ahDW_joinDisplay" edit_format="radio" data_type="string">
    <default_value>bottom</default_value>
    <edit_format_params>title=Position the join button in the widget title.
bottom=Position the join button at the bottom of the widget.</edit_format_params>
    <relation group_id="ahDiscordWidget" display_order="130"/>
  </option>
  <option option_id="ahDW_joinText" edit_format="textbox" data_type="string">
    <default_value>Join Server</default_value>
    <relation group_id="ahDiscordWidget" display_order="110"/>
  </option>
  <option option_id="ahDW_serverID" edit_format="textbox" data_type="string">
    <default_value></default_value>
    <relation group_id="ahDiscordWidget" display_order="1"/>
  </option>
  <option option_id="ahDW_showJoin" edit_format="onoff" data_type="string">
    <default_value>0</default_value>
    <relation group_id="ahDiscordWidget" display_order="100"/>
  </option>
</options>
