<?xml version="1.0" encoding="utf-8"?>
<phrases>
  <phrase title="nav.ah_discord" version_id="221" version_string="2.2.1"><![CDATA[Discord]]></phrase>
  <phrase title="option.ahDW_alph" version_id="2" version_string="2.0.0"><![CDATA[Alphabetical]]></phrase>
  <phrase title="option.ahDW_collapseUsers" version_id="2" version_string="2.0.0"><![CDATA[Collapse "All Users" list by default]]></phrase>
  <phrase title="option.ahDW_hideAll" version_id="2" version_string="2.0.0"><![CDATA[Hide all channels]]></phrase>
  <phrase title="option.ahDW_hideSpecific" version_id="2" version_string="2.0.0"><![CDATA[Hide specific channels]]></phrase>
  <phrase title="option.ahDW_hideUsers" version_id="2" version_string="2.0.0"><![CDATA[Hide "All Users" list]]></phrase>
  <phrase title="option.ahDW_inviteLink" version_id="2" version_string="2.0.0"><![CDATA[Invite link]]></phrase>
  <phrase title="option.ahDW_joinDisplay" version_id="220" version_string="2.2.0"><![CDATA[Display position]]></phrase>
  <phrase title="option.ahDW_joinText" version_id="2" version_string="2.0.0"><![CDATA[Button text]]></phrase>
  <phrase title="option.ahDW_serverID" version_id="2" version_string="2.0.0"><![CDATA[Server ID]]></phrase>
  <phrase title="option.ahDW_showJoin" version_id="2" version_string="2.0.0"><![CDATA[Show "Join Server" button]]></phrase>
  <phrase title="option_explain.ahDW_alph" version_id="2" version_string="2.0.0"><![CDATA[Checking this option will sort the channel list in alphabetical order.]]></phrase>
  <phrase title="option_explain.ahDW_collapseUsers" version_id="2" version_string="2.0.0"><![CDATA[Checking this option will keep the "All Users" list collapsed by default.]]></phrase>
  <phrase title="option_explain.ahDW_hideAll" version_id="2" version_string="2.0.0"><![CDATA[Checking this option will hide ALL channels. If you only want to hide specific channels, keep this unchecked.]]></phrase>
  <phrase title="option_explain.ahDW_hideSpecific" version_id="2" version_string="2.0.0"><![CDATA[Make sure to follow this format if you want to hide specific channels.
<br /><br />
<font color="red">'Channel 1', 'Channel 2'</font>]]></phrase>
  <phrase title="option_explain.ahDW_hideUsers" version_id="2" version_string="2.0.0"><![CDATA[Checking this option will hide the "All Users" list.]]></phrase>
  <phrase title="option_explain.ahDW_inviteLink" version_id="2" version_string="2.0.0"><![CDATA[If you have chosen to show the "Join Server" button, you MUST specify your server's invite link. The invite link MUST be set to never expire. If you need help obtaining an invite link, click <a href="https://support.discordapp.com/hc/en-us/articles/204155938-How-do-I-invite-friends-to-my-server-">here</a>.]]></phrase>
  <phrase title="option_explain.ahDW_joinDisplay" version_id="220" version_string="2.2.0"><![CDATA[]]></phrase>
  <phrase title="option_explain.ahDW_joinText" version_id="2" version_string="2.0.0"><![CDATA[]]></phrase>
  <phrase title="option_explain.ahDW_serverID" version_id="2" version_string="2.0.0"><![CDATA[If you need help locating your server ID, click <a href="https://support.discordapp.com/hc/en-us/articles/206346498-Where-can-I-find-my-User-Server-Message-ID-">here</a>.]]></phrase>
  <phrase title="option_explain.ahDW_showJoin" version_id="2" version_string="2.0.0"><![CDATA[]]></phrase>
  <phrase title="option_group.ahDiscordWidget" version_id="2" version_string="2.0.0"><![CDATA[[AH] Discord Widget]]></phrase>
  <phrase title="option_group_description.ahDiscordWidget" version_id="2" version_string="2.0.0"><![CDATA[Options for [AH] Discord Widget]]></phrase>
  <phrase title="permission.ahDW_perms_ahDW_perm" version_id="2" version_string="2.0.0"><![CDATA[View Discord Widget]]></phrase>
  <phrase title="permission_interface.ahDW_perms" version_id="2" version_string="2.0.0"><![CDATA[[AH] Discord Widget]]></phrase>
  <phrase title="style_prop.ahDW_allUsersList" version_id="2" version_string="2.0.0"><![CDATA[All Users List]]></phrase>
  <phrase title="style_prop.ahDW_channel" version_id="2" version_string="2.0.0"><![CDATA[Channel]]></phrase>
  <phrase title="style_prop.ahDW_container" version_id="2" version_string="2.0.0"><![CDATA[Container]]></phrase>
  <phrase title="style_prop.ahDW_joinServerButton" version_id="2" version_string="2.0.0"><![CDATA[Join Server Button]]></phrase>
  <phrase title="style_prop.ahDW_user" version_id="2" version_string="2.0.0"><![CDATA[User]]></phrase>
  <phrase title="style_prop.ahDW_userAvatar" version_id="2" version_string="2.0.0"><![CDATA[User Avatar]]></phrase>
  <phrase title="style_prop.ahDW_userList" version_id="2" version_string="2.0.0"><![CDATA[Channel User List]]></phrase>
  <phrase title="style_prop.ahDW_userPlaying" version_id="2" version_string="2.0.0"><![CDATA[User Playing]]></phrase>
  <phrase title="style_prop.ahDW_userStatus" version_id="2" version_string="2.0.0"><![CDATA[User Status]]></phrase>
  <phrase title="style_prop.ahDW_userStatusIdle" version_id="2" version_string="2.0.0"><![CDATA[User Status Idle]]></phrase>
  <phrase title="style_prop.ahDW_userStatusOnline" version_id="2" version_string="2.0.0"><![CDATA[User Status Online]]></phrase>
  <phrase title="style_prop.ahDW_usersOnlineText" version_id="2" version_string="2.0.0"><![CDATA[Users Online Text]]></phrase>
  <phrase title="style_prop_desc.ahDW_allUsersList" version_id="2" version_string="2.0.0"><![CDATA[]]></phrase>
  <phrase title="style_prop_desc.ahDW_channel" version_id="2" version_string="2.0.0"><![CDATA[]]></phrase>
  <phrase title="style_prop_desc.ahDW_container" version_id="2" version_string="2.0.0"><![CDATA[]]></phrase>
  <phrase title="style_prop_desc.ahDW_joinServerButton" version_id="2" version_string="2.0.0"><![CDATA[]]></phrase>
  <phrase title="style_prop_desc.ahDW_user" version_id="2" version_string="2.0.0"><![CDATA[]]></phrase>
  <phrase title="style_prop_desc.ahDW_userAvatar" version_id="2" version_string="2.0.0"><![CDATA[]]></phrase>
  <phrase title="style_prop_desc.ahDW_userList" version_id="2" version_string="2.0.0"><![CDATA[]]></phrase>
  <phrase title="style_prop_desc.ahDW_userPlaying" version_id="2" version_string="2.0.0"><![CDATA[]]></phrase>
  <phrase title="style_prop_desc.ahDW_userStatus" version_id="2" version_string="2.0.0"><![CDATA[]]></phrase>
  <phrase title="style_prop_desc.ahDW_userStatusIdle" version_id="2" version_string="2.0.0"><![CDATA[]]></phrase>
  <phrase title="style_prop_desc.ahDW_userStatusOnline" version_id="2" version_string="2.0.0"><![CDATA[]]></phrase>
  <phrase title="style_prop_desc.ahDW_usersOnlineText" version_id="2" version_string="2.0.0"><![CDATA[]]></phrase>
  <phrase title="style_prop_group.ahDiscordWidget" version_id="2" version_string="2.0.0"><![CDATA[[AH] Discord Widget]]></phrase>
  <phrase title="style_prop_group_desc.ahDiscordWidget" version_id="2" version_string="2.0.0"><![CDATA[]]></phrase>
  <phrase title="widget_def.ahDiscordWidget" version_id="2" version_string="2.0.0"><![CDATA[[AH] Discord Widget]]></phrase>
  <phrase title="widget_def_desc.ahDiscordWidget" version_id="2" version_string="2.0.0"><![CDATA[]]></phrase>
</phrases>
