<?xml version="1.0" encoding="utf-8"?>
<style_properties>
  <style_property property_name="ahDW_allUsersList" group_name="ahDiscordWidget" title="All Users List" property_type="css" display_order="35" css_components="text,background,border,border_radius,border_width_simple,border_color_simple,border_radius_simple,padding,extra">
    <value>{
    "extra": "max-height: 250px;\noverflow-y: auto;"
}</value>
  </style_property>
  <style_property property_name="ahDW_channel" group_name="ahDiscordWidget" title="Channel" property_type="css" display_order="20" css_components="text,border,border_radius,border_width_simple,border_color_simple,border_radius_simple,padding,extra">
    <value>{
    "padding-left": "0",
    "extra": "list-style-type: none;"
}</value>
  </style_property>
  <style_property property_name="ahDW_container" group_name="ahDiscordWidget" title="Container" property_type="css" display_order="10" css_components="text,background,border,border_radius,border_width_simple,border_color_simple,border_radius_simple,padding,extra">
    <value>{
    "font-size": "14px",
    "font-weight": "@xf-fontWeightNormal",
    "extra": "text-align:left;\nmargin: 4px;\nposition: relative;"
}</value>
  </style_property>
  <style_property property_name="ahDW_joinServerButton" group_name="ahDiscordWidget" title="Join Server Button" property_type="css" display_order="100" css_components="text,background,border,border_radius,border_width_simple,border_color_simple,border_radius_simple,padding,extra">
    <value>[]</value>
  </style_property>
  <style_property property_name="ahDW_user" group_name="ahDiscordWidget" title="User" property_type="css" display_order="50" css_components="text,border,border_radius,border_width_simple,border_color_simple,border_radius_simple,padding,extra">
    <value>{
    "extra": "position: relative;\nwhite-space: nowrap;\noverflow: hidden;"
}</value>
  </style_property>
  <style_property property_name="ahDW_userAvatar" group_name="ahDiscordWidget" title="User Avatar" property_type="css" display_order="60" css_components="border,border_radius,border_width_simple,border_color_simple,border_radius_simple,padding,extra">
    <value>{
    "border-width": "2px",
    "border-color": "#fff",
    "border-radius": "100%",
    "extra": "width: 24px;\nheight: 24px;\nmargin-right: 5px;\nvertical-align: middle;\ndisplay: inline;"
}</value>
  </style_property>
  <style_property property_name="ahDW_userList" group_name="ahDiscordWidget" title="Channel User List" property_type="css" display_order="30" css_components="text,background,border,border_radius,border_width_simple,border_color_simple,border_radius_simple,padding,extra">
    <value>{
    "padding-left": "10px",
    "extra": "list-style-type: none;"
}</value>
  </style_property>
  <style_property property_name="ahDW_userPlaying" group_name="ahDiscordWidget" title="User Playing" property_type="css" display_order="80" css_components="text,border,border_radius,border_width_simple,border_color_simple,border_radius_simple,padding,extra">
    <value>{
    "font-size": ".8em",
    "extra": "opacity: .5;"
}</value>
  </style_property>
  <style_property property_name="ahDW_userStatus" group_name="ahDiscordWidget" title="User Status" property_type="css" display_order="70" css_components="text,background,border,border_radius,border_width_simple,border_color_simple,border_radius_simple,padding,extra">
    <value>{
    "background-color": "pink",
    "border-width": "thin",
    "border-color": "#fff",
    "border-radius": "50%",
    "extra": "width: 10px;\nheight: 10px;\ntop: 14px;\nleft: 14px;\nposition: absolute;"
}</value>
  </style_property>
  <style_property property_name="ahDW_userStatusIdle" group_name="ahDiscordWidget" title="User Status Idle" property_type="value" value_type="color" display_order="1">
    <value>"#faa61a"</value>
  </style_property>
  <style_property property_name="ahDW_userStatusOnline" group_name="ahDiscordWidget" title="User Status Online" property_type="value" value_type="color" display_order="2">
    <value>"#43b581"</value>
  </style_property>
  <style_property property_name="ahDW_usersOnlineText" group_name="ahDiscordWidget" title="Users Online Text" property_type="css" display_order="90" css_components="text,border,border_radius,border_width_simple,border_color_simple,border_radius_simple,padding,extra">
    <value>{
    "font-size": ".75em",
    "extra": "margin: 10px 10px 0 0;\ntext-align: right;"
}</value>
  </style_property>
</style_properties>
