<?xml version="1.0" encoding="utf-8"?>
<templates>
  <template type="public" title="alert_user_post_merged" version_id="1000270" version_string="1.0.2"><![CDATA[{{ phrase('kl_amdp_user_post_merged', {'postLink': link('posts', $extra), 'thread': '<a href="' . link('threads', $extra) . '">' . $extra.title . '</a>'}) }}]]></template>
  <template type="public" title="kl_amdp_merge_message" version_id="1000070" version_string="1.0.0"><![CDATA[<xf:css src="kl_amdp_merge_message.less" />
<div class="kl_amdp_merge_message">
	{{ phrase('kl_amdp_merge_message', {
		'time': date_dynamic($time)
	})}}
</div>]]></template>
  <template type="public" title="kl_amdp_merge_message.less" version_id="1000070" version_string="1.0.0"><![CDATA[.kl_amdp_merge_message {
	.xf-kl_amdp_block();
}]]></template>
</templates>
