{
    "legacy_addon_id": "",
    "title": "[KL] Auto Merge Double Posts",
    "description": "Automatically Merges Double Posts.",
    "version_id": 1010070,
    "version_string": "1.1.0",
    "dev": "Katsulynx",
    "dev_url": "https://xenforo.com/community/members/katsulynx.42496/",
    "faq_url": "https://xenforo.com/community/resources/auto-merge-double-posts.6028/field?field=faq",
    "support_url": "https://xenforo.com/community/threads/auto-merge-double-posts.140255/",
    "extra_urls": [],
    "require": [],
    "icon": "icon.png"
}