{
    "src/addons/KL/AutoMergeDoublePost/addon.json": "37e98faad6feaaa6880558bd4e564af43fe0bc7f3f638b8e430bfa01952bc90d",
    "src/addons/KL/AutoMergeDoublePost/BbCode/Tag/AutoMerge.php": "6876b3dc9b1fb759f6a85bf97d0eb9e04ec1b07d4cda0d99bc3804828db999fb",
    "src/addons/KL/AutoMergeDoublePost/icon.png": "ad4aeb7cc502cfc35af608e6bad70e86c929d44c7276c8d09bc81141cf6bf3b8",
    "src/addons/KL/AutoMergeDoublePost/Pub/Controller/Thread.php": "9d965596c328b72c8c832d271fb1e20df4cbba9b573ccc0735ee9c39510f2752",
    "src/addons/KL/AutoMergeDoublePost/Repository/MergeTime.php": "bcbef08cdf345392d30e035196e8480a7931488d96cb9de6fe611a42f9958609",
    "src/addons/KL/AutoMergeDoublePost/_data/bb_codes.xml": "8d9a08e362cface8abd0839be58ba8b90112e36245aa5d98721d15bc1f621763",
    "src/addons/KL/AutoMergeDoublePost/_data/class_extensions.xml": "c9c112ff9aea612fd7c2c42c8a5bf3fc4f99259b5135d353c8973a5707d79bb8",
    "src/addons/KL/AutoMergeDoublePost/_data/options.xml": "924f566b7f6274e0a9bf47d157fc923f16d74b9cbadb7eb49b98c1634ccbd9aa",
    "src/addons/KL/AutoMergeDoublePost/_data/option_groups.xml": "a92f021e09df9d4fbc98c87d49049dc757ae6dd1ebaf5e1d7186f20f6023b912",
    "src/addons/KL/AutoMergeDoublePost/_data/permissions.xml": "806882fe7fbe1e38250e364278af617175bd12f490a702605d1c64931f3d60ab",
    "src/addons/KL/AutoMergeDoublePost/_data/permission_interface_groups.xml": "9fa206de61381ad657936a0c3db5b2360140e16bc7efd95ccb5b7c07a0bf558f",
    "src/addons/KL/AutoMergeDoublePost/_data/phrases.xml": "11089263ac968badc013662a070ed2c450618b1d91f9c2f32eb402ea4a7f4ef8",
    "src/addons/KL/AutoMergeDoublePost/_data/style_properties.xml": "4d6fc8144c85034b1eacd27d7e06dc8183c28bca9f7f49240dd69b95fa2ff6e4",
    "src/addons/KL/AutoMergeDoublePost/_data/style_property_groups.xml": "ebb378c94bf142994e24446a2865d15ecdd7dfef15bf0fc30dd27a1160a5dbc2",
    "src/addons/KL/AutoMergeDoublePost/_data/templates.xml": "59b657f529b8e378f2c4695eb4dfed85a43142f4ed4d8d762f949769749fb49b"
}