{
    "src/addons/Justin/EmailCheck/addon.json": "2f2dff75226c8434365819d00873cdf2815c823127707f3df64c803bf50e5d95",
    "src/addons/Justin/EmailCheck/Setup.php": "898faf1e7dc07771282b9afa271228743ee9bfd721835878000b418b85f7f01c",
    "src/addons/Justin/EmailCheck/XF/Entity/User.php": "9646995e001cb16858d1a8c2255be5b2a5cfd0ef34822554b1e4039b3485c71d",
    "src/addons/Justin/EmailCheck/XF/Pub/Controller/Register.php": "8a69100209a7e99fab02e554b0044437add9b63274c9eddf9ce6b00981310d93",
    "src/addons/Justin/EmailCheck/_data/admin_navigation.xml": "064ec797484ac00d5ee37367b50b06846d11f480d00550997712707f8fdac8c0",
    "src/addons/Justin/EmailCheck/_data/admin_permission.xml": "ec6fb97cebf0bceb24f1ed1d5778c1db54eeb7535fbb3e31d824840e7aa9ff87",
    "src/addons/Justin/EmailCheck/_data/advertising_positions.xml": "d2f7cbe844bb1df3cf878d22ff6306249245c8ff6b0b87b9b729744bec538261",
    "src/addons/Justin/EmailCheck/_data/bb_codes.xml": "faa4ddd5f4a365e5ac39aebdcbe2d25aedf74e7eb9ea4a812766e2fd5e13bdb1",
    "src/addons/Justin/EmailCheck/_data/bb_code_media_sites.xml": "29762987990187b33e43cfb68c08dc917b2d3f0176613d78f8e6c453f82da3f3",
    "src/addons/Justin/EmailCheck/_data/class_extensions.xml": "4526b67929893078a0fb94d6f52157d8faa4b20a29fc383176a51f113096f46d",
    "src/addons/Justin/EmailCheck/_data/code_events.xml": "8370dec3df47f91df4cf79da253446ad11b29f4ea568fe76c774e97a0379f0eb",
    "src/addons/Justin/EmailCheck/_data/code_event_listeners.xml": "d6b5072f4909dee7a20ee9e44b163f95c8aa52e6ac7f573e292000cd9238c331",
    "src/addons/Justin/EmailCheck/_data/content_type_fields.xml": "c7ad5472b28f465b7ac7617627707eba1b7a39d28089460d52e1ed292fc0b06a",
    "src/addons/Justin/EmailCheck/_data/cron.xml": "323c4284742ef24329cd6db6f288eb9736d2353f36852e1db12591e1583aea26",
    "src/addons/Justin/EmailCheck/_data/help_pages.xml": "a8a0c0b06cdc550438bc8a8d385af3e1e5ab3459877dfb934c1c31be59c89163",
    "src/addons/Justin/EmailCheck/_data/member_stats.xml": "89fb2b93ff1eca7a1f6f752248edf6090dfd24037db1446fd18ff7143f08124d",
    "src/addons/Justin/EmailCheck/_data/navigation.xml": "f75e1c03a45a360bbdfcd0567121665082315068475d5b0feb8b1acbb1688651",
    "src/addons/Justin/EmailCheck/_data/options.xml": "fcee8ae60f795bb2b7eefa7fd2cbf0b53ee135ceaf76879ad4aab37088b800ba",
    "src/addons/Justin/EmailCheck/_data/option_groups.xml": "4ab21ab8fb56fe491083746fa4df3c70011c1fe8bb484ea53f3ad40e94a1fc75",
    "src/addons/Justin/EmailCheck/_data/permissions.xml": "7e4fc7d5826733d15ea2d8936b9bdd41afcaad810eb38e50da3c8d8eafda1550",
    "src/addons/Justin/EmailCheck/_data/permission_interface_groups.xml": "3177224e96458b829aa7fb24866dda9e0455a4922aee3d669b53f59a1ffdf5d1",
    "src/addons/Justin/EmailCheck/_data/phrases.xml": "58af6d5e7d0ebef577f207189a905f242c4b394fa4b2a61d2604bca7761a2d06",
    "src/addons/Justin/EmailCheck/_data/routes.xml": "550fa64f9feedf137dd877b38c2684f94474619d2d83890dbb717a91b50da8f5",
    "src/addons/Justin/EmailCheck/_data/style_properties.xml": "8b8690a8512f01f219dd2da76e3d0c5f62afc1f317b87794a7331c859c36a7a8",
    "src/addons/Justin/EmailCheck/_data/style_property_groups.xml": "68e1879cb3846c42d978487aa8d5145ff3335fc39e58016878824d5cf3fd684c",
    "src/addons/Justin/EmailCheck/_data/templates.xml": "95d4b078b90e74e773cef6695ef94c742e74b8d62e6798738f11f0215a58faee",
    "src/addons/Justin/EmailCheck/_data/template_modifications.xml": "23822858a28ec63d5ceb9b7bc8afe7201fa95c71076fff8c9fbff3c6bc5689a8",
    "src/addons/Justin/EmailCheck/_data/widget_definitions.xml": "37e46965256430f24004c2e7f08ba08f9b0d1cbcc4d70e84b3f4e3ffb713e64b",
    "src/addons/Justin/EmailCheck/_data/widget_positions.xml": "a29cee66134f6bc5d75ed9df1eef21096c24401915c5b5c774389c3d7bb2d5b3"
}