{
    "src/addons/ahDiscordWidget/addon.json": "1b6815ca3e5e097f62536799ea59ab7ed2babc8b55151b743cc64bf507b2205d",
    "src/addons/ahDiscordWidget/icon.png": "d8756cc517e49b80614bed24e8b8021fb83784041f88436726cb75e55aa2e7ec",
    "src/addons/ahDiscordWidget/Pub/Controller/Discord.php": "4d38feddf59f3651e3b844f44f2e552ae3e451f38c59b5bf56c22d07fb208aee",
    "src/addons/ahDiscordWidget/Widget/DiscordWidget.php": "c4adff56ad8de6aa7875d5b02d3b6bf6aecbc0ab5d7ecc7722cdb7cc7ea0c6b7",
    "src/addons/ahDiscordWidget/_data/admin_navigation.xml": "064ec797484ac00d5ee37367b50b06846d11f480d00550997712707f8fdac8c0",
    "src/addons/ahDiscordWidget/_data/admin_permission.xml": "ec6fb97cebf0bceb24f1ed1d5778c1db54eeb7535fbb3e31d824840e7aa9ff87",
    "src/addons/ahDiscordWidget/_data/advertising_positions.xml": "d2f7cbe844bb1df3cf878d22ff6306249245c8ff6b0b87b9b729744bec538261",
    "src/addons/ahDiscordWidget/_data/bb_codes.xml": "faa4ddd5f4a365e5ac39aebdcbe2d25aedf74e7eb9ea4a812766e2fd5e13bdb1",
    "src/addons/ahDiscordWidget/_data/bb_code_media_sites.xml": "29762987990187b33e43cfb68c08dc917b2d3f0176613d78f8e6c453f82da3f3",
    "src/addons/ahDiscordWidget/_data/class_extensions.xml": "1f548b8006e9952a3f5889f71e09fdfa6726ac1a47c1af7b2626d1a88920d5a4",
    "src/addons/ahDiscordWidget/_data/code_events.xml": "8370dec3df47f91df4cf79da253446ad11b29f4ea568fe76c774e97a0379f0eb",
    "src/addons/ahDiscordWidget/_data/code_event_listeners.xml": "d6b5072f4909dee7a20ee9e44b163f95c8aa52e6ac7f573e292000cd9238c331",
    "src/addons/ahDiscordWidget/_data/content_type_fields.xml": "c7ad5472b28f465b7ac7617627707eba1b7a39d28089460d52e1ed292fc0b06a",
    "src/addons/ahDiscordWidget/_data/cron.xml": "323c4284742ef24329cd6db6f288eb9736d2353f36852e1db12591e1583aea26",
    "src/addons/ahDiscordWidget/_data/help_pages.xml": "a8a0c0b06cdc550438bc8a8d385af3e1e5ab3459877dfb934c1c31be59c89163",
    "src/addons/ahDiscordWidget/_data/member_stats.xml": "89fb2b93ff1eca7a1f6f752248edf6090dfd24037db1446fd18ff7143f08124d",
    "src/addons/ahDiscordWidget/_data/navigation.xml": "a4db142b9df0f2e161cc89ff30d00edf33e0e65a8e21d12d2c45d70acb037c28",
    "src/addons/ahDiscordWidget/_data/options.xml": "70b4cf396dd5f81ffecb8cf7aac175f5835b75440fd4dca95a722e2010496fc2",
    "src/addons/ahDiscordWidget/_data/option_groups.xml": "40c7a5de3bdaf7ea36a54f0295df9be4779fc5c49004490f8fff1c08debb2d63",
    "src/addons/ahDiscordWidget/_data/permissions.xml": "e2ce2921dc63f78639af82eec82ff9bb9128209dbf340d7375d509689041403f",
    "src/addons/ahDiscordWidget/_data/permission_interface_groups.xml": "d39dfec5e0ecda603196014faa5adbf23a91c325fc4d91772608d7a7c24f89a1",
    "src/addons/ahDiscordWidget/_data/phrases.xml": "bbafeb05fd9b716013aab2e24e58a000cf5d6faeb484699d3ad079f865da5f17",
    "src/addons/ahDiscordWidget/_data/routes.xml": "17416c6b22c4e66ef9b0c5d721f870c4f012ee72b245a1ed4adde922d976cbcc",
    "src/addons/ahDiscordWidget/_data/style_properties.xml": "054f1eba395bd9b2ed22996493ef41fecdfddb06138a42f7b1638e6ec989803e",
    "src/addons/ahDiscordWidget/_data/style_property_groups.xml": "b31f8906c1b5ff50cd81396070ab94a3227daddb3618e83198574c59cb89129d",
    "src/addons/ahDiscordWidget/_data/templates.xml": "1d28baa4b3a97e4c3bf88dcfa76663bd7adeb3e9219db5c1a2fa0abfccb88c49",
    "src/addons/ahDiscordWidget/_data/template_modifications.xml": "3b54b7df00a6a4a18c5e012b6e2588e35c23aaa13a5fc227f08646a97590d778",
    "src/addons/ahDiscordWidget/_data/widget_definitions.xml": "a138456f7e1463062045eb37e2b8b4b00b96e53049159c674244d2e1972f6732",
    "src/addons/ahDiscordWidget/_data/widget_positions.xml": "a29cee66134f6bc5d75ed9df1eef21096c24401915c5b5c774389c3d7bb2d5b3"
}