<?xml version="1.0" encoding="utf-8"?>
<options>
  <option option_id="aloph_disable_per_style" edit_format="callback" data_type="array">
    <default_value>[]</default_value>
    <edit_format_params>AL\OriginalPosterHighlight\XF\Option\Style::renderCheckbox</edit_format_params>
    <sub_options>*</sub_options>
    <relation group_id="aloph_main" display_order="1"/>
  </option>
  <option option_id="aloph_disable_tooltip" edit_format="onoff" data_type="string">
    <default_value/>
    <relation group_id="aloph_main" display_order="1"/>
  </option>
</options>
