<?xml version="1.0" encoding="utf-8"?>
<style_properties>
  <style_property property_name="originalPosterHighlight" group_name="Original_Poster_Style" title="Ribbon Design" property_type="css" display_order="0" css_components="text,background">
    <value>{
    "color": "@xf-linkColor",
    "background-color": "@xf-paletteColor1"
}</value>
  </style_property>
  <style_property property_name="originalPosterHighlightPositionDesktop" group_name="Original_Poster_Style" title="Switch ribbon position (desktop)" property_type="value" value_type="radio" display_order="10">
    <value_parameters>textPublicControlsDesktop={{ phrase('aloph_ribbon_position_text_public_controls') }} 
leftCornerDesktop={{ phrase('aloph_op_ribbon_left_corner') }}
rightCornerDesktop={{ phrase('aloph_op_ribbon_right_corner') }}
topDesktop={{ phrase('aloph_op_ribbon_top') }} 
bottomDesktop={{ phrase('aloph_op_ribbon_bottom') }}</value_parameters>
    <value>"leftCornerDesktop"</value>
  </style_property>
  <style_property property_name="originalPosterHighlightPositionMobile" group_name="Original_Poster_Style" title="Switch ribbon position (mobile)" property_type="value" value_type="radio" display_order="20">
    <value_parameters>textPublicControlsMobile={{ phrase('aloph_ribbon_position_text_public_controls') }}
leftCornerMobile={{ phrase('aloph_op_ribbon_left_corner') }}
rightCornerMobile={{ phrase('aloph_op_ribbon_right_corner') }}
topMobile={{ phrase('aloph_op_ribbon_top') }}
bottomMobile={{ phrase('aloph_op_ribbon_bottom') }}</value_parameters>
    <value>"leftCornerMobile"</value>
  </style_property>
</style_properties>
