<?xml version="1.0" encoding="utf-8"?>
<templates>
  <template type="public" title="aloph_op_ribbon" version_id="1000271" version_string="1.0.2"><![CDATA[<xf:css src="public:aloph_op_ribbon_style.less" />

<xf:if is="{{ property('originalPosterHighlightPositionDesktop') }} != 'textPublicControlsDesktop'">
    <div class="ribbonBox desktopRibbon {{ property('originalPosterHighlightPositionDesktop') }}">
        <div class="ribbon-wrapper">
            <div class="ribbon"
                    <xf:if is="!{$xf.options.aloph_disable_tooltip}">
                        data-xf-init="tooltip"
                        data-original-title="{{ phrase('aloph_tooltip_text') }}"
                    </xf:if>
                >
                <span>{{ phrase('aloph_ribbon_desktop') }} </span>
            </div>
        </div>
    </div>
</xf:if>

<xf:if is="{{ property('originalPosterHighlightPositionMobile') }} !='textPublicControlsMobile'">
    <div class="ribbonBox mobileRibbon {{ property('originalPosterHighlightPositionMobile') }}">
        <div class="ribbon-wrapper">
            <div class="ribbon">
                <span>{{ phrase('aloph_ribbon_mobile') }}</span>
            </div>
        </div>
    </div>
</xf:if>]]></template>
  <template type="public" title="aloph_op_ribbon_style.less" version_id="1000071" version_string="1.0.0"><![CDATA[div.mobileRibbon  {display: none}


div.ribbonBox .ribbon-wrapper .ribbon>span{
    white-space: nowrap;
}

div.ribbonBox {
    color: white;
    font-weight: bold;
}

div.ribbonBox .ribbon-wrapper {
    overflow: hidden;
    position: absolute;
}

div.ribbonBox .ribbon-wrapper .ribbon  {
    cursor: default;
    text-align: center;
    text-shadow: rgba(255, 255, 255, 0.5) 0px 1px 0px;
    position: relative;
    padding: 1px 0;
    font-size: 10px;
    background-image: none;
	.xf-originalPosterHighlight();
}


div.leftCornerDesktop .ribbon-wrapper,
div.rightCornerDesktop .ribbon-wrapper,
{
    width: 50%;
    height: 50%;
}

div.leftCornerDesktop .ribbon-wrapper .ribbon,
div.rightCornerDesktop .ribbon-wrapper .ribbon
{
    width: 130%;
}

div.leftCornerDesktop .ribbon-wrapper .ribbon,
div.leftCornerMobile .ribbon-wrapper .ribbon
{
    -webkit-transform: rotate(-45deg);
    -moz-transform: rotate(-45deg);
    -ms-transform: rotate(-45deg);
    -o-transform: rotate(-45deg);
}

div.rightCornerDesktop .ribbon-wrapper .ribbon,
div.rightCornerMobile .ribbon-wrapper .ribbon
{
    -webkit-transform: rotate(45deg);
    -moz-transform: rotate(45deg);
    -ms-transform: rotate(45deg);
    -o-transform: rotate(45deg);
}

div.leftCornerDesktop .ribbon-wrapper .ribbon{
    left: -30%;
    top: 19%;
}

div.rightCornerDesktop .ribbon-wrapper {
	right: 0;
    
}
div.rightCornerDesktop .ribbon-wrapper .ribbon{
    right: 0;
    top: 18%;
}

div.bottomDesktop .ribbon-wrapper,
div.topDesktop .ribbon-wrapper,
div.bottomMobile .ribbon-wrapper,
div.topMobile .ribbon-wrapper
{  

	width: 100%;
}

div.bottomDesktop .ribbon-wrapper  {
    bottom: 0;
}

div.bottomDesktop .ribbon-wrapper .ribbon,
div.topDesktop .ribbon-wrapper .ribbon,
div.bottomMobile .ribbon-wrapper .ribbon,
div.topMobile .ribbon-wrapper .ribbon
{
    width: 100%;
}

@media (max-width: @xf-responsiveNarrow)
{
	div.desktopRibbon  {display: none}
    div.mobileRibbon  {display: block}

	div.leftCornerMobile .ribbon-wrapper,
	div.rightCornerMobile .ribbon-wrapper
	{
		width: 65%;
		height: 65%;
	}
	div.leftCornerMobile .ribbon-wrapper .ribbon,
	div.rightCornerMobile .ribbon-wrapper .ribbon
	{
		width: 145%;
	}

	
	div.ribbonBox .ribbon-wrapper .ribbon  {
	    font-size: 8px;
	}

    div.bottomMobile .ribbon-wrapper,
    div.topMobile .ribbon-wrapper
    {
        width: 100%;
    }
    div.bottomMobile .ribbon-wrapper {
        bottom: 0;
    }
    div.leftCornerMobile .ribbon-wrapper .ribbon{
        left: -37%;
        top: 15%;
	}
	div.rightCornerMobile .ribbon-wrapper .ribbon{
	    right: 0;
	    top: 14%;
	}
	div.rightCornerMobile .ribbon-wrapper {
	    right: 0;
	}
}]]></template>
  <template type="public" title="aloph_op_ribbon_text_public_controls" version_id="1000071" version_string="1.0.0"><![CDATA[<xf:if is="
   	( 
        property('originalPosterHighlightPositionDesktop') =='textPublicControlsDesktop' 
        || property('originalPosterHighlightPositionMobile')=='textPublicControlsMobile' 
	)
 	&& $__globals.originalPosterActive
 	&& $__globals.originalPosterRibbonEnabled
 	&& $__globals.post
 	&& $__globals.thread
	&& $__globals.post.post_id  
	&& $__globals.thread.user_id==$__globals.post.user_id 
	&& $__globals.thread.first_post_id != $__globals.post.post_id
	">
    <xf:css src="public:aloph_op_ribbon_text_public_controls.less"/>
    <xf:if is="property('originalPosterHighlightPositionDesktop')=='textPublicControlsDesktop'">
        <span class="{{ property('originalPosterHighlightPositionDesktop') }}">{{ phrase('aloph_ribbon_text_public_controls_desktop') }}</span>
    </xf:if>
    <xf:if is="property('originalPosterHighlightPositionMobile')=='textPublicControlsMobile'">
        <span class="{{property('originalPosterHighlightPositionMobile') }}">{{ phrase('aloph_ribbon_text_public_controls_mobile') }}</span>
    </xf:if>

</xf:if>]]></template>
  <template type="public" title="aloph_op_ribbon_text_public_controls.less" version_id="1000071" version_string="1.0.0"><![CDATA[.textPublicControlsMobile,
.textPublicControlsDesktop{
	color: @xf-textColorMuted;
	float: left;
}

.textPublicControlsMobile {
    display: none;
}
.textPublicControlsDesktop {
    display: block;
}

@media (max-width: @xf-responsiveNarrow)
{
    .textPublicControlsMobile {
          display: block;
    }
    .textPublicControlsDesktop {
          display: none;
    }
}]]></template>
  <template type="public" title="aloph_op_ribbon_user_avatar" version_id="1000071" version_string="1.0.0"><![CDATA[<xf:if is="
    ( 
        property('originalPosterHighlightPositionDesktop') != 'textPublicControlsDesktop' 
        || property('originalPosterHighlightPositionMobile') != 'textPublicControlsMobile' 
	) 
	&& $__globals.originalPosterActive
 	&& $__globals.originalPosterRibbonEnabled
 	&& $__globals.post
 	&& $__globals.thread
	&& $__globals.post.post_id
	&& $__globals.thread.user_id==$__globals.post.user_id 
	&& $__globals.thread.first_post_id != $__globals.post.post_id
">
    <xf:include template="aloph_op_ribbon"/>
</xf:if>]]></template>
  <template type="admin" title="aloph_style_property_unit_op_position_desktop" version_id="1000071" version_string="1.0.0"><![CDATA[<input type="hidden" name="checkboxes[]" value="{$property.property_id}" />
    <xf:radiorow name="properties[{$property.property_id}]" value="{$property.property_value}" label="{$property.title}">
        <xf:option value="textPublicControlsDesktop" label="{{ phrase('aloph_ribbon_position_text_public_controls') }}" />
        <xf:option value="leftCornerDesktop" label="{{ phrase('aloph_op_ribbon_left_corner') }}" />
        <xf:option value="rightCornerDesktop" label="{{ phrase('aloph_op_ribbon_right_corner') }}" />
        <xf:option value="topDesktop" label="{{ phrase('aloph_op_ribbon_top') }}" />
        <xf:option value="bottomDesktop" label="{{ phrase('aloph_op_ribbon_bottom') }}" />
        <xf:explain>{$property.description}</xf:explain>
        <xf:comment>
			<xf:html>
				<xf:include template="style_property_unit_extra">
					 <xf:set var="$reset"> {{ phrase('reset') }} </xf:set>
				</xf:include>
			</xf:html>
		</xf:comment>
    </xf:radiorow>]]></template>
  <template type="admin" title="aloph_style_property_unit_op_position_mobile" version_id="1000071" version_string="1.0.0"><![CDATA[<input type="hidden" name="checkboxes[]" value="{$property.property_id}" />
    <xf:radiorow name="properties[{$property.property_id}]" value="{$property.property_value}" label="{$property.title}">
        <xf:option value="textPublicControlsMobile" label="{{ phrase('aloph_ribbon_position_text_public_controls') }}" />
        <xf:option value="leftCornerMobile" label="{{ phrase('aloph_op_ribbon_left_corner') }}" />
        <xf:option value="rightCornerMobile" label="{{ phrase('aloph_op_ribbon_right_corner') }}" />
        <xf:option value="topMobile" label="{{ phrase('aloph_op_ribbon_top') }}" />
        <xf:option value="bottomMobile" label="{{ phrase('aloph_op_ribbon_bottom') }}" />
        <xf:explain>{$property.description}</xf:explain>
        <xf:comment>
			<xf:html>
				<xf:include template="style_property_unit_extra">
					<xf:set var="$reset">{{ phrase('reset') }}</xf:set>
				</xf:include>
			</xf:html>
		</xf:comment>
    </xf:radiorow>]]></template>
</templates>
