<?xml version="1.0" encoding="utf-8"?>
<phrases>
  <phrase title="deleteposts_confirm" version_id="10" version_string="1.0"><![CDATA[Confirm]]></phrase>
  <phrase title="deleteposts_delete" version_id="10" version_string="1.0"><![CDATA[Delete]]></phrase>
  <phrase title="deleteposts_delete_posts" version_id="10" version_string="1.0"><![CDATA[Delete posts]]></phrase>
  <phrase title="deleteposts_forum" version_id="10" version_string="1.0"><![CDATA[Forum]]></phrase>
  <phrase title="deleteposts_limit" version_id="10" version_string="1.0"><![CDATA[Limit]]></phrase>
  <phrase title="deleteposts_member" version_id="10" version_string="1.0"><![CDATA[Member]]></phrase>
  <phrase title="deleteposts_post_id" version_id="10" version_string="1.0"><![CDATA[Post ID]]></phrase>
  <phrase title="deleteposts_post_number" version_id="10" version_string="1.0"><![CDATA[Post number]]></phrase>
  <phrase title="deleteposts_post_number_one_indicates" version_id="10" version_string="1.0"><![CDATA[Post number 1 indicates entire thread will be deleted.]]></phrase>
  <phrase title="deleteposts_posted_by" version_id="10" version_string="1.0"><![CDATA[Posted by]]></phrase>
  <phrase title="deleteposts_posts" version_id="11" version_string="1.1"><![CDATA[posts]]></phrase>
  <phrase title="deleteposts_search" version_id="10" version_string="1.0"><![CDATA[Search]]></phrase>
  <phrase title="deleteposts_thread_title" version_id="10" version_string="1.0"><![CDATA[Thread title]]></phrase>
  <phrase title="deleteposts_username" version_id="10" version_string="1.0"><![CDATA[Username]]></phrase>
  <phrase title="deleteposts_username_not_found" version_id="10" version_string="1.0"><![CDATA[Username not found.]]></phrase>
  <phrase title="option.deletePostsLimit" version_id="10" version_string="1.0"><![CDATA[Limit]]></phrase>
  <phrase title="option_explain.deletePostsLimit" version_id="10" version_string="1.0"><![CDATA[Limit number of posts to delete at one time.]]></phrase>
  <phrase title="option_group.deletePosts" version_id="10" version_string="1.0"><![CDATA[Delete posts]]></phrase>
  <phrase title="option_group_description.deletePosts" version_id="10" version_string="1.0"><![CDATA[Options here control the Delete posts add-on.]]></phrase>
</phrases>
