<?xml version="1.0" encoding="utf-8"?>
<templates>
  <template type="public" title="andy_deleteposts" version_id="10" version_string="1.0"><![CDATA[<xf:title>{{ phrase('deleteposts_delete_posts') }}</xf:title>

({{ phrase('deleteposts_search') }})

<br /><br />

<xf:form action="{{ link('deleteposts/confirm') }}" class="block">
	<div class="block-container">
		<div class="block-body">
			<xf:textboxrow label="{{ phrase('deleteposts_posted_by') }}" name="posted_by" placeholder="{{ phrase('deleteposts_member') }}" ac="single" autocomplete="off" />
		</div>
	</div>

	<xf:submitrow submit="{{ phrase('deleteposts_search') }}" />

</xf:form>]]></template>
  <template type="public" title="andy_deleteposts_confirm" version_id="11" version_string="1.1"><![CDATA[<xf:title>{{ phrase('deleteposts_delete_posts') }}</xf:title>

({{ phrase('deleteposts_confirm') }})
<br /><br />

{{ phrase('deleteposts_username') }}: {$postedBy}
<br />

{{ phrase('deleteposts_limit') }}: {$xf.options.deletePostsLimit}
<br /><br />

{{ phrase('deleteposts_post_number_one_indicates') }}
<br /><br />

<a href="{{ link('deleteposts/delete', '', {'user_id': {$userId}}) }}">{{ phrase('deleteposts_delete') }} {$postsCount} {{ phrase('deleteposts_posts') }}</a>
<br /><br />

<div class="block-container">
	<div class="block-body">
		<xf:datalist data-xf-init="responsive-data-list">
			<xf:datarow rowtype="header">
				<xf:cell>{{ phrase('deleteposts_post_id') }}</xf:cell>
				<xf:cell>{{ phrase('deleteposts_thread_title') }}</xf:cell>
				<xf:cell>{{ phrase('deleteposts_forum') }}</xf:cell>
				<xf:cell>{{ phrase('deleteposts_post_number') }}</xf:cell>
			</xf:datarow>
			<xf:foreach loop="$posts" value="$post">
				<xf:datarow rowclass="dataList-row--noHover">
					<xf:cell href="{{ link('posts/', $post) }}">{$post.post_id}</xf:cell>
					<xf:cell>{$post.Thread.title}</xf:cell>
					<xf:cell>{$post.Thread.Forum.title}</xf:cell>
					<xf:cell>{{ {$post.position} + 1 }}</xf:cell>
				</xf:datarow>
			</xf:foreach>
		</xf:datalist>
	</div>
</div>]]></template>
</templates>
