{
    "src/addons/Andy/Countdown/addon.json": "610b0326a6fbe049190607cb11ddb34bb1cba3df39c58d7ef0e4a3a1172e34cf",
    "src/addons/Andy/Countdown/icon.jpg": "3806d032d6f4a81edd4e8e2a8bbf3d7add0d2bc9ab7e18377fa710e37c4ffb3c",
    "src/addons/Andy/Countdown/Pub/Controller/Countdown.php": "873939cce29a36fddcbd8897e11ed74b7f8796798c5762f05d21933fd376568e",
    "src/addons/Andy/Countdown/Setup.php": "08952873874792db97e4c396f7f27d4f07fb2ce0938d41cad24d5e02a8f86546",
    "src/addons/Andy/Countdown/Widget/Countdown.php": "d41ec8648aedff0ba8e3ca289682641f0549025a2c83994c314e4e1b763901c9",
    "src/addons/Andy/Countdown/_data/admin_navigation.xml": "064ec797484ac00d5ee37367b50b06846d11f480d00550997712707f8fdac8c0",
    "src/addons/Andy/Countdown/_data/admin_permission.xml": "ec6fb97cebf0bceb24f1ed1d5778c1db54eeb7535fbb3e31d824840e7aa9ff87",
    "src/addons/Andy/Countdown/_data/advertising_positions.xml": "d2f7cbe844bb1df3cf878d22ff6306249245c8ff6b0b87b9b729744bec538261",
    "src/addons/Andy/Countdown/_data/bb_codes.xml": "faa4ddd5f4a365e5ac39aebdcbe2d25aedf74e7eb9ea4a812766e2fd5e13bdb1",
    "src/addons/Andy/Countdown/_data/bb_code_media_sites.xml": "29762987990187b33e43cfb68c08dc917b2d3f0176613d78f8e6c453f82da3f3",
    "src/addons/Andy/Countdown/_data/class_extensions.xml": "1f548b8006e9952a3f5889f71e09fdfa6726ac1a47c1af7b2626d1a88920d5a4",
    "src/addons/Andy/Countdown/_data/code_events.xml": "8370dec3df47f91df4cf79da253446ad11b29f4ea568fe76c774e97a0379f0eb",
    "src/addons/Andy/Countdown/_data/code_event_listeners.xml": "d6b5072f4909dee7a20ee9e44b163f95c8aa52e6ac7f573e292000cd9238c331",
    "src/addons/Andy/Countdown/_data/content_type_fields.xml": "c7ad5472b28f465b7ac7617627707eba1b7a39d28089460d52e1ed292fc0b06a",
    "src/addons/Andy/Countdown/_data/cron.xml": "323c4284742ef24329cd6db6f288eb9736d2353f36852e1db12591e1583aea26",
    "src/addons/Andy/Countdown/_data/help_pages.xml": "a8a0c0b06cdc550438bc8a8d385af3e1e5ab3459877dfb934c1c31be59c89163",
    "src/addons/Andy/Countdown/_data/member_stats.xml": "89fb2b93ff1eca7a1f6f752248edf6090dfd24037db1446fd18ff7143f08124d",
    "src/addons/Andy/Countdown/_data/navigation.xml": "f75e1c03a45a360bbdfcd0567121665082315068475d5b0feb8b1acbb1688651",
    "src/addons/Andy/Countdown/_data/options.xml": "1cea29aa5671733d85c8fc6f7c66128eacbca5643cbb38585eb82002879b51a4",
    "src/addons/Andy/Countdown/_data/option_groups.xml": "154d7a89664b243d0bd8227c22e241f934bf7e196c83230ee23d3c0c4fba1333",
    "src/addons/Andy/Countdown/_data/permissions.xml": "56c00bb0cd8283fb2ce269b5da5a3269a6eb3c5e1cf01fd1a9009df0c1cd69ae",
    "src/addons/Andy/Countdown/_data/permission_interface_groups.xml": "d65104650b0d1f9bb29bd6a452fb1c7b7ab1529ee77c9782b12ae821e8b8e7c9",
    "src/addons/Andy/Countdown/_data/phrases.xml": "ffb4848e26b1c3237ba16490263e950aa186a059c82ff1ada90af14e5f423de1",
    "src/addons/Andy/Countdown/_data/routes.xml": "ee03ece7c062111dffce3f99eb2f108f8690fdc3124d27766bac840f2c7aa282",
    "src/addons/Andy/Countdown/_data/style_properties.xml": "8b8690a8512f01f219dd2da76e3d0c5f62afc1f317b87794a7331c859c36a7a8",
    "src/addons/Andy/Countdown/_data/style_property_groups.xml": "68e1879cb3846c42d978487aa8d5145ff3335fc39e58016878824d5cf3fd684c",
    "src/addons/Andy/Countdown/_data/templates.xml": "791a9b9af1caf5aa4d9d1b16bdf3facf7f5c70a120c687cd82d440b11415c537",
    "src/addons/Andy/Countdown/_data/template_modifications.xml": "e5f60ba00255a6b3d252943be0c6b8066bce2c27d022b62712d4c6147d6d6a55",
    "src/addons/Andy/Countdown/_data/widget_definitions.xml": "06161c5010fdf42e7afb10d79b76d713266fabdad58a01465285730c62e16c97",
    "src/addons/Andy/Countdown/_data/widget_positions.xml": "a29cee66134f6bc5d75ed9df1eef21096c24401915c5b5c774389c3d7bb2d5b3"
}