{
    "src/addons/Andy/EmailLog/addon.json": "61ef8c8a6207891c4143286168ef23418caa7d253e4f4133442d943d3563dedd",
    "src/addons/Andy/EmailLog/icon.jpg": "050048d39187aa5cc94fdcd1e77ee518130fcdc76e94d2ce064ce88bd2b092b4",
    "src/addons/Andy/EmailLog/Pub/Controller/EmailLog.php": "5d52b2c582d9a7630bf7c3265598558b47b352ef94016d27169af7e1a6e2e045",
    "src/addons/Andy/EmailLog/Setup.php": "028ac996a6dc8214da801bcde879c859ea7ee4a266f818a56d7a16b61bec7e02",
    "src/addons/Andy/EmailLog/XF/Cron/EmailLog.php": "565d0ee182e526eb9e5e512822cb19cf6bb3ac545d4ad491851bf99453c4e79e",
    "src/addons/Andy/EmailLog/XF/Mail/Mailer.php": "16f84ba09d356ad7370693ea485f7c40f53a60bdf2247363763f4d839a19ae53",
    "src/addons/Andy/EmailLog/_data/class_extensions.xml": "dc1be7c257c413ad8759b67468d4e30e44d096176d17186e356eb9c029248996",
    "src/addons/Andy/EmailLog/_data/cron.xml": "e4b1dc5aecd557cf8ebfbd03feda6afa558e253cb985bdf521c72793b4cff53e",
    "src/addons/Andy/EmailLog/_data/options.xml": "c5bb8e89d352af7e09f0c5d458d38502a8e8d2f6660957e08ee7ad215b2722c8",
    "src/addons/Andy/EmailLog/_data/option_groups.xml": "f1a98f7d22bfd38c0817253ab9a7a5dd3c3a1d70ab84d8f49eec87a1b1a936da",
    "src/addons/Andy/EmailLog/_data/permissions.xml": "73285f0848091190ce93d3fb5d9f191ca841aaeb7bcffd7eadbf16e66752e658",
    "src/addons/Andy/EmailLog/_data/permission_interface_groups.xml": "b5f5fd70914d2368f4486004a9eacdeb773e156e3ac8ca35d65c517c3f38df62",
    "src/addons/Andy/EmailLog/_data/phrases.xml": "77139c3953fff40a64e505eba9c40d35188cb521d54c97e8be34688639cada46",
    "src/addons/Andy/EmailLog/_data/routes.xml": "18f8da4f03f00fba35a87dd3a61ebf78a251e5c4c16bb3f3aabc6febb0d51ff1",
    "src/addons/Andy/EmailLog/_data/templates.xml": "5576759337efa845bf3d715bae93a2e808dac6670f6eb9ac91c693088bb3d015",
    "src/addons/Andy/EmailLog/_data/template_modifications.xml": "21c5ba7e814373611bd7ae02e7882e661903ab9789535b24d79603899b228907"
}