<?xml version="1.0" encoding="utf-8"?>
<code_event_listeners>
  <listener event_id="addon_post_install" execute_order="10" callback_class="ThemeHouse\Reactions\Listener\AddOnPostInstall" callback_method="run" active="1" description="Create add-on columns"/>
  <listener event_id="app_setup" execute_order="10" callback_class="\ThemeHouse\Reactions\Listener\CodeEvent" callback_method="appSetup" active="1"/>
  <listener event_id="criteria_user" execute_order="10" callback_class="\ThemeHouse\Reactions\Listener\Criteria" callback_method="user" active="1"/>
  <listener event_id="entity_structure" execute_order="10" callback_class="ThemeHouse\Reactions\Listener\EntityStructure" callback_method="reactEntityHandlers" active="1" hint="XF\Entity\ProfilePostComment" description="XF\Entity\ProfilePostComment"/>
  <listener event_id="entity_structure" execute_order="10" callback_class="ThemeHouse\Reactions\Listener\EntityStructure" callback_method="reactFirstEntity" active="1" hint="XF\Entity\Thread" description="XF\Entity\Thread"/>
  <listener event_id="entity_structure" execute_order="10" callback_class="ThemeHouse\Reactions\Listener\EntityStructure" callback_method="xfConversationMaster" active="1" hint="XF\Entity\ConversationMaster" description="XF\Entity\ConversationMaster"/>
  <listener event_id="entity_structure" execute_order="10" callback_class="ThemeHouse\Reactions\Listener\EntityStructure" callback_method="xfConversationMessage" active="1" hint="XF\Entity\ConversationMessage" description="XF\Entity\ConversationMessage"/>
  <listener event_id="entity_structure" execute_order="10" callback_class="ThemeHouse\Reactions\Listener\EntityStructure" callback_method="xfPost" active="1" hint="XF\Entity\Post" description="XF\Entity\Post"/>
  <listener event_id="entity_structure" execute_order="10" callback_class="ThemeHouse\Reactions\Listener\EntityStructure" callback_method="xfProfilePost" active="1" hint="XF\Entity\ProfilePost" description="XF\Entity\ProfilePost"/>
  <listener event_id="entity_structure" execute_order="10" callback_class="ThemeHouse\Reactions\Listener\EntityStructure" callback_method="xfProfilePostComment" active="1" hint="XF\Entity\ProfilePostComment" description="XF\Entity\ProfilePostComment"/>
  <listener event_id="entity_structure" execute_order="10" callback_class="ThemeHouse\Reactions\Listener\EntityStructure" callback_method="xfUser" active="1" hint="XF\Entity\User" description="XF\Entity\User"/>
  <listener event_id="entity_structure" execute_order="10" callback_class="\ThemeHouse\Reactions\Listener\EntityStructure" callback_method="xfmgAlbum" active="1" hint="XFMG\Entity\Album" description="XFMG\Entity\Album"/>
  <listener event_id="entity_structure" execute_order="10" callback_class="\ThemeHouse\Reactions\Listener\EntityStructure" callback_method="xfmgMediaComment" active="1" hint="XFMG\Entity\Comment" description="XFMG\Entity\Comment"/>
  <listener event_id="entity_structure" execute_order="10" callback_class="\ThemeHouse\Reactions\Listener\EntityStructure" callback_method="xfmgMediaItem" active="1" hint="XFMG\Entity\MediaItem" description="XFMG\Entity\MediaItem"/>
  <listener event_id="entity_structure" execute_order="10" callback_class="\ThemeHouse\Reactions\Listener\EntityStructure" callback_method="xfrmResourceUpdate" active="1" hint="XFRM\Entity\ResourceUpdate" description="XFRM\Entity\ResourceUpdate"/>
  <listener event_id="templater_global_data" execute_order="10" callback_class="\ThemeHouse\Reactions\Listener\CodeEvent" callback_method="templaterGlobalData" active="1"/>
</code_event_listeners>
