<?xml version="1.0" encoding="utf-8"?>
<options>
  <option option_id="th_reactHandlers_reactions" edit_format="callback" data_type="array" validation_class="ThemeHouse\Reactions\Option\ReactHandler" validation_method="verifyOption">
    <default_value>{"conversation_message":true,"post":true,"profile_post":true,"profile_post_comment":true,"xfmg_album":true,"xfmg_comment":true,"xfmg_media":true}</default_value>
    <edit_format_params>ThemeHouse\Reactions\Option\ReactHandler::renderCheckbox</edit_format_params>
    <sub_options>*</sub_options>
    <relation group_id="thReactions" display_order="10"/>
  </option>
  <option option_id="th_reactionsEnableHover" edit_format="onoff" data_type="boolean">
    <default_value>1</default_value>
    <relation group_id="thReactions" display_order="100"/>
  </option>
  <option option_id="th_reactionsLimit" edit_format="spinbox" data_type="integer">
    <default_value>2</default_value>
    <edit_format_params>min=1
max=3</edit_format_params>
    <relation group_id="thReactions" display_order="1000"/>
  </option>
  <option option_id="threactions_displayProfileTab" edit_format="onoff" data_type="boolean">
    <default_value>1</default_value>
    <relation group_id="thReactions" display_order="1200"/>
  </option>
</options>
