{
    "src/addons/Andy/SimilarThreads/addon.json": "4c1e746b50c20ade119d9b167e1c0271c0b0ebad9a7f6a7569b9bbb9dedafaa5",
    "src/addons/Andy/SimilarThreads/icon.jpg": "c9f3c2a5625fdc29f8d17074685cdb88cc46dfc4ab180fdba859e6d291cf98af",
    "src/addons/Andy/SimilarThreads/Repository/SimilarThreads.php": "69139cef2dd79716ea58c6478fdbeed46ab15c853c64ba5e04c8957d64df74c2",
    "src/addons/Andy/SimilarThreads/Widget/SimilarThreads.php": "c8e4f2c81abfa53f859b0a82f93d8e373539640da44ae6a820020b2fad5ec64f",
    "src/addons/Andy/SimilarThreads/XF/Pub/Controller/Forum.php": "611e15a7bebd1059ac6a13ca2260f4179f030c5ad81dfcc6e438a1bd82b2c32c",
    "src/addons/Andy/SimilarThreads/XF/Pub/Controller/Thread.php": "b49c3fd47c86f4e23c6c5ec42518d6e94f8095da9b04c412caf8f465ecef770d",
    "src/addons/Andy/SimilarThreads/_data/admin_navigation.xml": "064ec797484ac00d5ee37367b50b06846d11f480d00550997712707f8fdac8c0",
    "src/addons/Andy/SimilarThreads/_data/admin_permission.xml": "ec6fb97cebf0bceb24f1ed1d5778c1db54eeb7535fbb3e31d824840e7aa9ff87",
    "src/addons/Andy/SimilarThreads/_data/advertising_positions.xml": "d2f7cbe844bb1df3cf878d22ff6306249245c8ff6b0b87b9b729744bec538261",
    "src/addons/Andy/SimilarThreads/_data/bb_codes.xml": "faa4ddd5f4a365e5ac39aebdcbe2d25aedf74e7eb9ea4a812766e2fd5e13bdb1",
    "src/addons/Andy/SimilarThreads/_data/bb_code_media_sites.xml": "29762987990187b33e43cfb68c08dc917b2d3f0176613d78f8e6c453f82da3f3",
    "src/addons/Andy/SimilarThreads/_data/class_extensions.xml": "8585d78cdfc1d943973721d8dd68859341dcaae70ccfeca1510e90c4adcfbc63",
    "src/addons/Andy/SimilarThreads/_data/code_events.xml": "8370dec3df47f91df4cf79da253446ad11b29f4ea568fe76c774e97a0379f0eb",
    "src/addons/Andy/SimilarThreads/_data/code_event_listeners.xml": "d6b5072f4909dee7a20ee9e44b163f95c8aa52e6ac7f573e292000cd9238c331",
    "src/addons/Andy/SimilarThreads/_data/content_type_fields.xml": "c7ad5472b28f465b7ac7617627707eba1b7a39d28089460d52e1ed292fc0b06a",
    "src/addons/Andy/SimilarThreads/_data/cron.xml": "323c4284742ef24329cd6db6f288eb9736d2353f36852e1db12591e1583aea26",
    "src/addons/Andy/SimilarThreads/_data/help_pages.xml": "a8a0c0b06cdc550438bc8a8d385af3e1e5ab3459877dfb934c1c31be59c89163",
    "src/addons/Andy/SimilarThreads/_data/member_stats.xml": "89fb2b93ff1eca7a1f6f752248edf6090dfd24037db1446fd18ff7143f08124d",
    "src/addons/Andy/SimilarThreads/_data/navigation.xml": "f75e1c03a45a360bbdfcd0567121665082315068475d5b0feb8b1acbb1688651",
    "src/addons/Andy/SimilarThreads/_data/options.xml": "ff099bcd96ef4cc8badf0a0ba74ff02de7fa055e097b29652b58f2794e41a36d",
    "src/addons/Andy/SimilarThreads/_data/option_groups.xml": "645226473ecb31086d266937b850197be84cb3555eeb5c80dc46f71ecdf409be",
    "src/addons/Andy/SimilarThreads/_data/permissions.xml": "35ab34ae09d97e45f496b7081868cbc2cb536ddf35eac6a9feffaf0096fdf27a",
    "src/addons/Andy/SimilarThreads/_data/permission_interface_groups.xml": "d932c9c8c4116f0f145f2405b93e53a53b8b01d0106f70f2911f1a29a28dfd47",
    "src/addons/Andy/SimilarThreads/_data/phrases.xml": "6917cd4f66e47c867877c8b9692de1bee85b483cee55172216e769adac9fc1ee",
    "src/addons/Andy/SimilarThreads/_data/routes.xml": "550fa64f9feedf137dd877b38c2684f94474619d2d83890dbb717a91b50da8f5",
    "src/addons/Andy/SimilarThreads/_data/style_properties.xml": "8b8690a8512f01f219dd2da76e3d0c5f62afc1f317b87794a7331c859c36a7a8",
    "src/addons/Andy/SimilarThreads/_data/style_property_groups.xml": "68e1879cb3846c42d978487aa8d5145ff3335fc39e58016878824d5cf3fd684c",
    "src/addons/Andy/SimilarThreads/_data/templates.xml": "10fdc3ee16c4c20505c991990ff30c0ce1c29c0dff8ff09a792074e1cc84aaa6",
    "src/addons/Andy/SimilarThreads/_data/template_modifications.xml": "c164cce69f55eaf0bf92c95c1676665da8f8698df0a52bd1363649e4c4941f0a",
    "src/addons/Andy/SimilarThreads/_data/widget_definitions.xml": "31af2b51c039c7035a19c10753a2368a8db56c8efa78e22db8a9962bab09bdcf",
    "src/addons/Andy/SimilarThreads/_data/widget_positions.xml": "a29cee66134f6bc5d75ed9df1eef21096c24401915c5b5c774389c3d7bb2d5b3"
}